analyte_kind,analyte_display_name,analyte_source,analyte_reuse_status,analyte_inchikey,analyte_smiles,analyte_dataset_compound_id,analyte_sequence,analyte_modifications,analyte_accession,analyte_subunit,analyte_attachment_site,analyte_glycan_composition,analyte_glycan_wurcs,analyte_glycan_glytoucan_ac,analyte_glycan_iupac_condensed,analyte_composition,analyte_wurcs,analyte_glytoucan_ac,analyte_iupac_condensed,analyte_has_unresolved_linkage,analyte_has_unresolved_anomericity,analyte_reducing_end_label,analyte_derivatisation,analyte_folding_state,analyte_inn,analyte_glycoform,analyte_ciu_state,analyte_linker_payload_class,analyte_dar,analyte_conjugation_state,cyclic_passes,cyclic_pass_mode,cyclic_effective_path_length_m,cyclic_tw_velocity_m_per_s,cyclic_tw_height_v,cyclic_arrival_time_correction,cyclic_wrap_around,calref_reference_set,calref_doi,calref_platform,calref_method,ccs,ccs_uncertainty,uncertainty_type,conformer,conformers_total,adduct,charge,polarity,ims_type,dtims_method,drift_gas,calibrant,cell_gas,instrument,source,doi,source_locator,replicates,measured_on,reuse_status,curation_flag
small_molecule,11-ketoestrone,"Feuerstein et al., J. Am. Soc. Mass Spectrom. 2022",academic_only,,,"steroid_jasms2022:1,3,5(10)-estratiene-3-ol-11,17-dione",,,,,,,,,,,,,,,,,,,,,,,,,,,,,,,,,,,,165.836,2.07896,sd,,,[M+H]+,1,positive,TWIMS,,N2,Waters Major Mix,,"four Waters TWIM-MS systems (2x Synapt G2-S/G2-Si, 2x Vion), interlaboratory average, republished from doi:10.1021/acs.analchem.9b05247","Feuerstein et al., J. Am. Soc. Mass Spectrom. 2022",10.1021/jasms.2c00196,"SI_3 sheet S2_Interplatform CCS Database, line 3",12,,academic_only,
small_molecule,11-ketoestrone,"Feuerstein et al., J. Am. Soc. Mass Spectrom. 2022",academic_only,,,"steroid_jasms2022:1,3,5(10)-estratiene-3-ol-11,17-dione",,,,,,,,,,,,,,,,,,,,,,,,,,,,,,,,,,,,166.633,0.211266,sd,,,[M+H]+,1,positive,TIMS,,N2,Agilent ESI-L tune mix (G1969-85000),,"timsTOF Pro, TIMCCSN2 calibrated via a linear function","Feuerstein et al., J. Am. Soc. Mass Spectrom. 2022",10.1021/jasms.2c00196,"SI_3 sheet S2_Interplatform CCS Database, line 3",,,academic_only,
small_molecule,trenbolone,"Feuerstein et al., J. Am. Soc. Mass Spectrom. 2022",academic_only,,,"steroid_jasms2022:4,9,11-estratiene-17β-ol-3-one",,,,,,,,,,,,,,,,,,,,,,,,,,,,,,,,,,,,165.177,1.4755,sd,,,[M+H]+,1,positive,TWIMS,,N2,Waters Major Mix,,"four Waters TWIM-MS systems (2x Synapt G2-S/G2-Si, 2x Vion), interlaboratory average, republished from doi:10.1021/acs.analchem.9b05247","Feuerstein et al., J. Am. Soc. Mass Spectrom. 2022",10.1021/jasms.2c00196,"SI_3 sheet S2_Interplatform CCS Database, line 4",12,,academic_only,
small_molecule,trenbolone,"Feuerstein et al., J. Am. Soc. Mass Spectrom. 2022",academic_only,,,"steroid_jasms2022:4,9,11-estratiene-17β-ol-3-one",,,,,,,,,,,,,,,,,,,,,,,,,,,,,,,,,,,,166.423,0.102632,sd,,,[M+H]+,1,positive,TIMS,,N2,Agilent ESI-L tune mix (G1969-85000),,"timsTOF Pro, TIMCCSN2 calibrated via a linear function","Feuerstein et al., J. Am. Soc. Mass Spectrom. 2022",10.1021/jasms.2c00196,"SI_3 sheet S2_Interplatform CCS Database, line 4",,,academic_only,
small_molecule,trenbolone,"Feuerstein et al., J. Am. Soc. Mass Spectrom. 2022",academic_only,,,"steroid_jasms2022:4,9,11-estratiene-17β-ol-3-one",,,,,,,,,,,,,,,,,,,,,,,,,,,,,,,,,,,,166.72,,,,,[M+H]+,1,positive,DTIMS,single_field,N2,Agilent ESI-L tune mix (G1969-85000),,"Agilent DTIM-MS, single-field calibration, 4-bit","Feuerstein et al., J. Am. Soc. Mass Spectrom. 2022",10.1021/jasms.2c00196,"SI_3 sheet S2_Interplatform CCS Database, line 4",3,,academic_only,
small_molecule,trenbolone,"Feuerstein et al., J. Am. Soc. Mass Spectrom. 2022",academic_only,,,"steroid_jasms2022:4,9,11-estratiene-17β-ol-3-one",,,,,,,,,,,,,,,,,,,,,,,,,,,,,,,,,,,,165.573,0.17673,sd,,,[M+H]+,1,positive,DTIMS,stepped_field,N2,,,"Agilent DTIM-MS, stepped-field method","Feuerstein et al., J. Am. Soc. Mass Spectrom. 2022",10.1021/jasms.2c00196,"SI_3 sheet S2_Interplatform CCS Database, line 4",3,,academic_only,
small_molecule,trenbolone,"Feuerstein et al., J. Am. Soc. Mass Spectrom. 2022",academic_only,,,"steroid_jasms2022:4,9,11-estratiene-17β-ol-3-one",,,,,,,,,,,,,,,,,,,,,,,,,,,,,,,,,,,,192.175,0.616804,sd,,,[M+Na]+,1,positive,TWIMS,,N2,Waters Major Mix,,"four Waters TWIM-MS systems (2x Synapt G2-S/G2-Si, 2x Vion), interlaboratory average, republished from doi:10.1021/acs.analchem.9b05247","Feuerstein et al., J. Am. Soc. Mass Spectrom. 2022",10.1021/jasms.2c00196,"SI_3 sheet S2_Interplatform CCS Database, line 5",12,,academic_only,
small_molecule,trenbolone,"Feuerstein et al., J. Am. Soc. Mass Spectrom. 2022",academic_only,,,"steroid_jasms2022:4,9,11-estratiene-17β-ol-3-one",,,,,,,,,,,,,,,,,,,,,,,,,,,,,,,,,,,,194.067,0.0971253,sd,,,[M+Na]+,1,positive,TIMS,,N2,Agilent ESI-L tune mix (G1969-85000),,"timsTOF Pro, TIMCCSN2 calibrated via a linear function","Feuerstein et al., J. Am. Soc. Mass Spectrom. 2022",10.1021/jasms.2c00196,"SI_3 sheet S2_Interplatform CCS Database, line 5",,,academic_only,
small_molecule,trenbolone,"Feuerstein et al., J. Am. Soc. Mass Spectrom. 2022",academic_only,,,"steroid_jasms2022:4,9,11-estratiene-17β-ol-3-one",,,,,,,,,,,,,,,,,,,,,,,,,,,,,,,,,,,,192.59,0.01,sd,,,[M+Na]+,1,positive,DTIMS,single_field,N2,Agilent ESI-L tune mix (G1969-85000),,"Agilent DTIM-MS, single-field calibration, 4-bit","Feuerstein et al., J. Am. Soc. Mass Spectrom. 2022",10.1021/jasms.2c00196,"SI_3 sheet S2_Interplatform CCS Database, line 5",3,,academic_only,
small_molecule,trenbolone,"Feuerstein et al., J. Am. Soc. Mass Spectrom. 2022",academic_only,,,"steroid_jasms2022:4,9,11-estratiene-17β-ol-3-one",,,,,,,,,,,,,,,,,,,,,,,,,,,,,,,,,,,,192.337,0.343123,sd,,,[M+Na]+,1,positive,DTIMS,stepped_field,N2,,,"Agilent DTIM-MS, stepped-field method","Feuerstein et al., J. Am. Soc. Mass Spectrom. 2022",10.1021/jasms.2c00196,"SI_3 sheet S2_Interplatform CCS Database, line 5",3,,academic_only,
small_molecule,α-trenbolone/epitrenbolone,"Feuerstein et al., J. Am. Soc. Mass Spectrom. 2022",academic_only,,,"steroid_jasms2022:4,9,11-estratiene-17α-ol-3-one",,,,,,,,,,,,,,,,,,,,,,,,,,,,,,,,,,,,164.998,1.68769,sd,,,[M+H]+,1,positive,TWIMS,,N2,Waters Major Mix,,"four Waters TWIM-MS systems (2x Synapt G2-S/G2-Si, 2x Vion), interlaboratory average, republished from doi:10.1021/acs.analchem.9b05247","Feuerstein et al., J. Am. Soc. Mass Spectrom. 2022",10.1021/jasms.2c00196,"SI_3 sheet S2_Interplatform CCS Database, line 6",12,,academic_only,
small_molecule,α-trenbolone/epitrenbolone,"Feuerstein et al., J. Am. Soc. Mass Spectrom. 2022",academic_only,,,"steroid_jasms2022:4,9,11-estratiene-17α-ol-3-one",,,,,,,,,,,,,,,,,,,,,,,,,,,,,,,,,,,,166.36,0.259422,sd,,,[M+H]+,1,positive,TIMS,,N2,Agilent ESI-L tune mix (G1969-85000),,"timsTOF Pro, TIMCCSN2 calibrated via a linear function","Feuerstein et al., J. Am. Soc. Mass Spectrom. 2022",10.1021/jasms.2c00196,"SI_3 sheet S2_Interplatform CCS Database, line 6",,,academic_only,
small_molecule,α-trenbolone/epitrenbolone,"Feuerstein et al., J. Am. Soc. Mass Spectrom. 2022",academic_only,,,"steroid_jasms2022:4,9,11-estratiene-17α-ol-3-one",,,,,,,,,,,,,,,,,,,,,,,,,,,,,,,,,,,,166.35,0.02,sd,,,[M+H]+,1,positive,DTIMS,single_field,N2,Agilent ESI-L tune mix (G1969-85000),,"Agilent DTIM-MS, single-field calibration, 4-bit","Feuerstein et al., J. Am. Soc. Mass Spectrom. 2022",10.1021/jasms.2c00196,"SI_3 sheet S2_Interplatform CCS Database, line 6",3,,academic_only,
small_molecule,α-trenbolone/epitrenbolone,"Feuerstein et al., J. Am. Soc. Mass Spectrom. 2022",academic_only,,,"steroid_jasms2022:4,9,11-estratiene-17α-ol-3-one",,,,,,,,,,,,,,,,,,,,,,,,,,,,,,,,,,,,165.367,0.057735,sd,,,[M+H]+,1,positive,DTIMS,stepped_field,N2,,,"Agilent DTIM-MS, stepped-field method","Feuerstein et al., J. Am. Soc. Mass Spectrom. 2022",10.1021/jasms.2c00196,"SI_3 sheet S2_Interplatform CCS Database, line 6",3,,academic_only,
small_molecule,α-trenbolone/epitrenbolone,"Feuerstein et al., J. Am. Soc. Mass Spectrom. 2022",academic_only,,,"steroid_jasms2022:4,9,11-estratiene-17α-ol-3-one",,,,,,,,,,,,,,,,,,,,,,,,,,,,,,,,,,,,191.676,0.934903,sd,,,[M+Na]+,1,positive,TWIMS,,N2,Waters Major Mix,,"four Waters TWIM-MS systems (2x Synapt G2-S/G2-Si, 2x Vion), interlaboratory average, republished from doi:10.1021/acs.analchem.9b05247","Feuerstein et al., J. Am. Soc. Mass Spectrom. 2022",10.1021/jasms.2c00196,"SI_3 sheet S2_Interplatform CCS Database, line 7",12,,academic_only,
small_molecule,α-trenbolone/epitrenbolone,"Feuerstein et al., J. Am. Soc. Mass Spectrom. 2022",academic_only,,,"steroid_jasms2022:4,9,11-estratiene-17α-ol-3-one",,,,,,,,,,,,,,,,,,,,,,,,,,,,,,,,,,,,193.71,0.25632,sd,,,[M+Na]+,1,positive,TIMS,,N2,Agilent ESI-L tune mix (G1969-85000),,"timsTOF Pro, TIMCCSN2 calibrated via a linear function","Feuerstein et al., J. Am. Soc. Mass Spectrom. 2022",10.1021/jasms.2c00196,"SI_3 sheet S2_Interplatform CCS Database, line 7",,,academic_only,
small_molecule,α-trenbolone/epitrenbolone,"Feuerstein et al., J. Am. Soc. Mass Spectrom. 2022",academic_only,,,"steroid_jasms2022:4,9,11-estratiene-17α-ol-3-one",,,,,,,,,,,,,,,,,,,,,,,,,,,,,,,,,,,,192.56,0.03,sd,,,[M+Na]+,1,positive,DTIMS,single_field,N2,Agilent ESI-L tune mix (G1969-85000),,"Agilent DTIM-MS, single-field calibration, 4-bit","Feuerstein et al., J. Am. Soc. Mass Spectrom. 2022",10.1021/jasms.2c00196,"SI_3 sheet S2_Interplatform CCS Database, line 7",3,,academic_only,
small_molecule,α-trenbolone/epitrenbolone,"Feuerstein et al., J. Am. Soc. Mass Spectrom. 2022",academic_only,,,"steroid_jasms2022:4,9,11-estratiene-17α-ol-3-one",,,,,,,,,,,,,,,,,,,,,,,,,,,,,,,,,,,,191.9,0.173205,sd,,,[M+Na]+,1,positive,DTIMS,stepped_field,N2,,,"Agilent DTIM-MS, stepped-field method","Feuerstein et al., J. Am. Soc. Mass Spectrom. 2022",10.1021/jasms.2c00196,"SI_3 sheet S2_Interplatform CCS Database, line 7",3,,academic_only,
small_molecule,16α-hydroxyestrone,"Feuerstein et al., J. Am. Soc. Mass Spectrom. 2022",academic_only,,,"steroid_jasms2022:1,3,5(10)-estratriene-3,16α-diol-17-one",,,,,,,,,,,,,,,,,,,,,,,,,,,,,,,,,,,,166.967,1.58112,sd,,,[M+H]+,1,positive,TWIMS,,N2,Waters Major Mix,,"four Waters TWIM-MS systems (2x Synapt G2-S/G2-Si, 2x Vion), interlaboratory average, republished from doi:10.1021/acs.analchem.9b05247","Feuerstein et al., J. Am. Soc. Mass Spectrom. 2022",10.1021/jasms.2c00196,"SI_3 sheet S2_Interplatform CCS Database, line 8",12,,academic_only,
small_molecule,16α-hydroxyestrone,"Feuerstein et al., J. Am. Soc. Mass Spectrom. 2022",academic_only,,,"steroid_jasms2022:1,3,5(10)-estratriene-3,16α-diol-17-one",,,,,,,,,,,,,,,,,,,,,,,,,,,,,,,,,,,,169.243,0.280416,sd,,,[M+H]+,1,positive,TIMS,,N2,Agilent ESI-L tune mix (G1969-85000),,"timsTOF Pro, TIMCCSN2 calibrated via a linear function","Feuerstein et al., J. Am. Soc. Mass Spectrom. 2022",10.1021/jasms.2c00196,"SI_3 sheet S2_Interplatform CCS Database, line 8",,,academic_only,
small_molecule,16α-hydroxyestrone,"Feuerstein et al., J. Am. Soc. Mass Spectrom. 2022",academic_only,,,"steroid_jasms2022:1,3,5(10)-estratriene-3,16α-diol-17-one",,,,,,,,,,,,,,,,,,,,,,,,,,,,,,,,,,,,169.27,0.03,sd,,,[M+H]+,1,positive,DTIMS,single_field,N2,Agilent ESI-L tune mix (G1969-85000),,"Agilent DTIM-MS, single-field calibration, 4-bit","Feuerstein et al., J. Am. Soc. Mass Spectrom. 2022",10.1021/jasms.2c00196,"SI_3 sheet S2_Interplatform CCS Database, line 8",3,,academic_only,
small_molecule,estrone 3-sulfate,"Feuerstein et al., J. Am. Soc. Mass Spectrom. 2022",academic_only,,,"steroid_jasms2022:1,3,5(10)-estratiene-3-ol-17-one 3-sulfate",,,,,,,,,,,,,,,,,,,,,,,,,,,,,,,,,,,,189.049,1.2604,sd,,,[M-H]-,-1,negative,TWIMS,,N2,Waters Major Mix,,"four Waters TWIM-MS systems (2x Synapt G2-S/G2-Si, 2x Vion), interlaboratory average, republished from doi:10.1021/acs.analchem.9b05247","Feuerstein et al., J. Am. Soc. Mass Spectrom. 2022",10.1021/jasms.2c00196,"SI_3 sheet S2_Interplatform CCS Database, line 9",12,,academic_only,
small_molecule,estrone 3-sulfate,"Feuerstein et al., J. Am. Soc. Mass Spectrom. 2022",academic_only,,,"steroid_jasms2022:1,3,5(10)-estratiene-3-ol-17-one 3-sulfate",,,,,,,,,,,,,,,,,,,,,,,,,,,,,,,,,,,,190.39,0.182483,sd,,,[M-H]-,-1,negative,TIMS,,N2,Agilent ESI-L tune mix (G1969-85000),,"timsTOF Pro, TIMCCSN2 calibrated via a linear function","Feuerstein et al., J. Am. Soc. Mass Spectrom. 2022",10.1021/jasms.2c00196,"SI_3 sheet S2_Interplatform CCS Database, line 9",,,academic_only,
small_molecule,estrone 3-sulfate,"Feuerstein et al., J. Am. Soc. Mass Spectrom. 2022",academic_only,,,"steroid_jasms2022:1,3,5(10)-estratiene-3-ol-17-one 3-sulfate",,,,,,,,,,,,,,,,,,,,,,,,,,,,,,,,,,,,191.66,0.09,sd,,,[M-H]-,-1,negative,DTIMS,single_field,N2,Agilent ESI-L tune mix (G1969-85000),,"Agilent DTIM-MS, single-field calibration, 4-bit","Feuerstein et al., J. Am. Soc. Mass Spectrom. 2022",10.1021/jasms.2c00196,"SI_3 sheet S2_Interplatform CCS Database, line 9",3,,academic_only,
small_molecule,estrone 3-sulfate,"Feuerstein et al., J. Am. Soc. Mass Spectrom. 2022",academic_only,,,"steroid_jasms2022:1,3,5(10)-estratiene-3-ol-17-one 3-sulfate",,,,,,,,,,,,,,,,,,,,,,,,,,,,,,,,,,,,191.6,,,,,[M-H]-,-1,negative,DTIMS,stepped_field,N2,,,"Agilent DTIM-MS, stepped-field method","Feuerstein et al., J. Am. Soc. Mass Spectrom. 2022",10.1021/jasms.2c00196,"SI_3 sheet S2_Interplatform CCS Database, line 9",1,,academic_only,
small_molecule,estradiol 17-sulfate,"Feuerstein et al., J. Am. Soc. Mass Spectrom. 2022",academic_only,,,"steroid_jasms2022:1,3,5(10)-estratiene-3,17β-diol 17-sulfate",,,,,,,,,,,,,,,,,,,,,,,,,,,,,,,,,,,,186.931,1.20541,sd,,,[M-H]-,-1,negative,TWIMS,,N2,Waters Major Mix,,"four Waters TWIM-MS systems (2x Synapt G2-S/G2-Si, 2x Vion), interlaboratory average, republished from doi:10.1021/acs.analchem.9b05247","Feuerstein et al., J. Am. Soc. Mass Spectrom. 2022",10.1021/jasms.2c00196,"SI_3 sheet S2_Interplatform CCS Database, line 10",12,,academic_only,
small_molecule,estradiol 17-sulfate,"Feuerstein et al., J. Am. Soc. Mass Spectrom. 2022",academic_only,,,"steroid_jasms2022:1,3,5(10)-estratiene-3,17β-diol 17-sulfate",,,,,,,,,,,,,,,,,,,,,,,,,,,,,,,,,,,,188.117,0.413078,sd,,,[M-H]-,-1,negative,TIMS,,N2,Agilent ESI-L tune mix (G1969-85000),,"timsTOF Pro, TIMCCSN2 calibrated via a linear function","Feuerstein et al., J. Am. Soc. Mass Spectrom. 2022",10.1021/jasms.2c00196,"SI_3 sheet S2_Interplatform CCS Database, line 10",,,academic_only,
small_molecule,estradiol 17-sulfate,"Feuerstein et al., J. Am. Soc. Mass Spectrom. 2022",academic_only,,,"steroid_jasms2022:1,3,5(10)-estratiene-3,17β-diol 17-sulfate",,,,,,,,,,,,,,,,,,,,,,,,,,,,,,,,,,,,189.39,0.05,sd,,,[M-H]-,-1,negative,DTIMS,single_field,N2,Agilent ESI-L tune mix (G1969-85000),,"Agilent DTIM-MS, single-field calibration, 4-bit","Feuerstein et al., J. Am. Soc. Mass Spectrom. 2022",10.1021/jasms.2c00196,"SI_3 sheet S2_Interplatform CCS Database, line 10",3,,academic_only,
small_molecule,estradiol 3-sulfate,"Feuerstein et al., J. Am. Soc. Mass Spectrom. 2022",academic_only,,,"steroid_jasms2022:1,3,5(10)-estratriene-3,17β-diol-3-sulfate",,,,,,,,,,,,,,,,,,,,,,,,,,,,,,,,,,,,191.016,1.25537,sd,,,[M-H]-,-1,negative,TWIMS,,N2,Waters Major Mix,,"four Waters TWIM-MS systems (2x Synapt G2-S/G2-Si, 2x Vion), interlaboratory average, republished from doi:10.1021/acs.analchem.9b05247","Feuerstein et al., J. Am. Soc. Mass Spectrom. 2022",10.1021/jasms.2c00196,"SI_3 sheet S2_Interplatform CCS Database, line 11",12,,academic_only,
small_molecule,estradiol 3-sulfate,"Feuerstein et al., J. Am. Soc. Mass Spectrom. 2022",academic_only,,,"steroid_jasms2022:1,3,5(10)-estratriene-3,17β-diol-3-sulfate",,,,,,,,,,,,,,,,,,,,,,,,,,,,,,,,,,,,191.823,0.410041,sd,,,[M-H]-,-1,negative,TIMS,,N2,Agilent ESI-L tune mix (G1969-85000),,"timsTOF Pro, TIMCCSN2 calibrated via a linear function","Feuerstein et al., J. Am. Soc. Mass Spectrom. 2022",10.1021/jasms.2c00196,"SI_3 sheet S2_Interplatform CCS Database, line 11",,,academic_only,
small_molecule,estradiol 3-sulfate,"Feuerstein et al., J. Am. Soc. Mass Spectrom. 2022",academic_only,,,"steroid_jasms2022:1,3,5(10)-estratriene-3,17β-diol-3-sulfate",,,,,,,,,,,,,,,,,,,,,,,,,,,,,,,,,,,,192.99,0.07,sd,,,[M-H]-,-1,negative,DTIMS,single_field,N2,Agilent ESI-L tune mix (G1969-85000),,"Agilent DTIM-MS, single-field calibration, 4-bit","Feuerstein et al., J. Am. Soc. Mass Spectrom. 2022",10.1021/jasms.2c00196,"SI_3 sheet S2_Interplatform CCS Database, line 11",3,,academic_only,
small_molecule,17α-estradiol 3-sulfate,"Feuerstein et al., J. Am. Soc. Mass Spectrom. 2022",academic_only,,,"steroid_jasms2022:1,3,5(10)-estratriene-3,17α-diol-3-sulfate",,,,,,,,,,,,,,,,,,,,,,,,,,,,,,,,,,,,190.847,1.7734,sd,,,[M-H]-,-1,negative,TWIMS,,N2,Waters Major Mix,,"four Waters TWIM-MS systems (2x Synapt G2-S/G2-Si, 2x Vion), interlaboratory average, republished from doi:10.1021/acs.analchem.9b05247","Feuerstein et al., J. Am. Soc. Mass Spectrom. 2022",10.1021/jasms.2c00196,"SI_3 sheet S2_Interplatform CCS Database, line 12",12,,academic_only,
small_molecule,17α-estradiol 3-sulfate,"Feuerstein et al., J. Am. Soc. Mass Spectrom. 2022",academic_only,,,"steroid_jasms2022:1,3,5(10)-estratriene-3,17α-diol-3-sulfate",,,,,,,,,,,,,,,,,,,,,,,,,,,,,,,,,,,,192.25,0.172337,sd,,,[M-H]-,-1,negative,TIMS,,N2,Agilent ESI-L tune mix (G1969-85000),,"timsTOF Pro, TIMCCSN2 calibrated via a linear function","Feuerstein et al., J. Am. Soc. Mass Spectrom. 2022",10.1021/jasms.2c00196,"SI_3 sheet S2_Interplatform CCS Database, line 12",,,academic_only,
small_molecule,17α-estradiol 3-sulfate,"Feuerstein et al., J. Am. Soc. Mass Spectrom. 2022",academic_only,,,"steroid_jasms2022:1,3,5(10)-estratriene-3,17α-diol-3-sulfate",,,,,,,,,,,,,,,,,,,,,,,,,,,,,,,,,,,,192.69,0.01,sd,,,[M-H]-,-1,negative,DTIMS,single_field,N2,Agilent ESI-L tune mix (G1969-85000),,"Agilent DTIM-MS, single-field calibration, 4-bit","Feuerstein et al., J. Am. Soc. Mass Spectrom. 2022",10.1021/jasms.2c00196,"SI_3 sheet S2_Interplatform CCS Database, line 12",3,,academic_only,
small_molecule,17α-estradiol 3-sulfate,"Feuerstein et al., J. Am. Soc. Mass Spectrom. 2022",academic_only,,,"steroid_jasms2022:1,3,5(10)-estratriene-3,17α-diol-3-sulfate",,,,,,,,,,,,,,,,,,,,,,,,,,,,,,,,,,,,193.97,,,,,[M-H]-,-1,negative,DTIMS,stepped_field,N2,,,"Agilent DTIM-MS, stepped-field method","Feuerstein et al., J. Am. Soc. Mass Spectrom. 2022",10.1021/jasms.2c00196,"SI_3 sheet S2_Interplatform CCS Database, line 12",1,,academic_only,
small_molecule,estriol 3-sulfate,"Feuerstein et al., J. Am. Soc. Mass Spectrom. 2022",academic_only,,,"steroid_jasms2022:1,3,5(10)-estratiene-3,16,17-triol-3-sulfate",,,,,,,,,,,,,,,,,,,,,,,,,,,,,,,,,,,,193.992,1.06785,sd,,,[M-H]-,-1,negative,TWIMS,,N2,Waters Major Mix,,"four Waters TWIM-MS systems (2x Synapt G2-S/G2-Si, 2x Vion), interlaboratory average, republished from doi:10.1021/acs.analchem.9b05247","Feuerstein et al., J. Am. Soc. Mass Spectrom. 2022",10.1021/jasms.2c00196,"SI_3 sheet S2_Interplatform CCS Database, line 13",12,,academic_only,
small_molecule,estriol 3-sulfate,"Feuerstein et al., J. Am. Soc. Mass Spectrom. 2022",academic_only,,,"steroid_jasms2022:1,3,5(10)-estratiene-3,16,17-triol-3-sulfate",,,,,,,,,,,,,,,,,,,,,,,,,,,,,,,,,,,,195.18,0.127671,sd,,,[M-H]-,-1,negative,TIMS,,N2,Agilent ESI-L tune mix (G1969-85000),,"timsTOF Pro, TIMCCSN2 calibrated via a linear function","Feuerstein et al., J. Am. Soc. Mass Spectrom. 2022",10.1021/jasms.2c00196,"SI_3 sheet S2_Interplatform CCS Database, line 13",,,academic_only,
small_molecule,estriol 3-sulfate,"Feuerstein et al., J. Am. Soc. Mass Spectrom. 2022",academic_only,,,"steroid_jasms2022:1,3,5(10)-estratiene-3,16,17-triol-3-sulfate",,,,,,,,,,,,,,,,,,,,,,,,,,,,,,,,,,,,196.6,0.09,sd,,,[M-H]-,-1,negative,DTIMS,single_field,N2,Agilent ESI-L tune mix (G1969-85000),,"Agilent DTIM-MS, single-field calibration, 4-bit","Feuerstein et al., J. Am. Soc. Mass Spectrom. 2022",10.1021/jasms.2c00196,"SI_3 sheet S2_Interplatform CCS Database, line 13",3,,academic_only,
small_molecule,estriol 3-sulfate,"Feuerstein et al., J. Am. Soc. Mass Spectrom. 2022",academic_only,,,"steroid_jasms2022:1,3,5(10)-estratiene-3,16,17-triol-3-sulfate",,,,,,,,,,,,,,,,,,,,,,,,,,,,,,,,,,,,197.08,,,,,[M-H]-,-1,negative,DTIMS,stepped_field,N2,,,"Agilent DTIM-MS, stepped-field method","Feuerstein et al., J. Am. Soc. Mass Spectrom. 2022",10.1021/jasms.2c00196,"SI_3 sheet S2_Interplatform CCS Database, line 13",1,,academic_only,
small_molecule,4-fluoro-19-nortestosterone,"Feuerstein et al., J. Am. Soc. Mass Spectrom. 2022",academic_only,,,steroid_jasms2022:4-estrene-4-fluoro-17β-ol-3-one,,,,,,,,,,,,,,,,,,,,,,,,,,,,,,,,,,,,168.275,1.55727,sd,,,[M+H]+,1,positive,TWIMS,,N2,Waters Major Mix,,"four Waters TWIM-MS systems (2x Synapt G2-S/G2-Si, 2x Vion), interlaboratory average, republished from doi:10.1021/acs.analchem.9b05247","Feuerstein et al., J. Am. Soc. Mass Spectrom. 2022",10.1021/jasms.2c00196,"SI_3 sheet S2_Interplatform CCS Database, line 14",12,,academic_only,
small_molecule,4-fluoro-19-nortestosterone,"Feuerstein et al., J. Am. Soc. Mass Spectrom. 2022",academic_only,,,steroid_jasms2022:4-estrene-4-fluoro-17β-ol-3-one,,,,,,,,,,,,,,,,,,,,,,,,,,,,,,,,,,,,170.628,0.209133,sd,,,[M+H]+,1,positive,TIMS,,N2,Agilent ESI-L tune mix (G1969-85000),,"timsTOF Pro, TIMCCSN2 calibrated via a linear function","Feuerstein et al., J. Am. Soc. Mass Spectrom. 2022",10.1021/jasms.2c00196,"SI_3 sheet S2_Interplatform CCS Database, line 14",,,academic_only,
small_molecule,4-fluoro-19-nortestosterone,"Feuerstein et al., J. Am. Soc. Mass Spectrom. 2022",academic_only,,,steroid_jasms2022:4-estrene-4-fluoro-17β-ol-3-one,,,,,,,,,,,,,,,,,,,,,,,,,,,,,,,,,,,,170.63,0.07,sd,,,[M+H]+,1,positive,DTIMS,single_field,N2,Agilent ESI-L tune mix (G1969-85000),,"Agilent DTIM-MS, single-field calibration, 4-bit","Feuerstein et al., J. Am. Soc. Mass Spectrom. 2022",10.1021/jasms.2c00196,"SI_3 sheet S2_Interplatform CCS Database, line 14",3,,academic_only,
small_molecule,4-fluoro-19-nortestosterone,"Feuerstein et al., J. Am. Soc. Mass Spectrom. 2022",academic_only,,,steroid_jasms2022:4-estrene-4-fluoro-17β-ol-3-one,,,,,,,,,,,,,,,,,,,,,,,,,,,,,,,,,,,,170.043,0.357957,sd,,,[M+H]+,1,positive,DTIMS,stepped_field,N2,,,"Agilent DTIM-MS, stepped-field method","Feuerstein et al., J. Am. Soc. Mass Spectrom. 2022",10.1021/jasms.2c00196,"SI_3 sheet S2_Interplatform CCS Database, line 14",3,,academic_only,
small_molecule,4-fluoro-19-nortestosterone,"Feuerstein et al., J. Am. Soc. Mass Spectrom. 2022",academic_only,,,steroid_jasms2022:4-estrene-4-fluoro-17β-ol-3-one,,,,,,,,,,,,,,,,,,,,,,,,,,,,,,,,,,,,189.56,0.98602,sd,,,[M+Na]+,1,positive,TWIMS,,N2,Waters Major Mix,,"four Waters TWIM-MS systems (2x Synapt G2-S/G2-Si, 2x Vion), interlaboratory average, republished from doi:10.1021/acs.analchem.9b05247","Feuerstein et al., J. Am. Soc. Mass Spectrom. 2022",10.1021/jasms.2c00196,"SI_3 sheet S2_Interplatform CCS Database, line 15",12,,academic_only,
small_molecule,4-fluoro-19-nortestosterone,"Feuerstein et al., J. Am. Soc. Mass Spectrom. 2022",academic_only,,,steroid_jasms2022:4-estrene-4-fluoro-17β-ol-3-one,,,,,,,,,,,,,,,,,,,,,,,,,,,,,,,,,,,,192.603,0.291868,sd,,,[M+Na]+,1,positive,TIMS,,N2,Agilent ESI-L tune mix (G1969-85000),,"timsTOF Pro, TIMCCSN2 calibrated via a linear function","Feuerstein et al., J. Am. Soc. Mass Spectrom. 2022",10.1021/jasms.2c00196,"SI_3 sheet S2_Interplatform CCS Database, line 15",,,academic_only,
small_molecule,4-fluoro-19-nortestosterone,"Feuerstein et al., J. Am. Soc. Mass Spectrom. 2022",academic_only,,,steroid_jasms2022:4-estrene-4-fluoro-17β-ol-3-one,,,,,,,,,,,,,,,,,,,,,,,,,,,,,,,,,,,,191.03,0.01,sd,,,[M+Na]+,1,positive,DTIMS,single_field,N2,Agilent ESI-L tune mix (G1969-85000),,"Agilent DTIM-MS, single-field calibration, 4-bit","Feuerstein et al., J. Am. Soc. Mass Spectrom. 2022",10.1021/jasms.2c00196,"SI_3 sheet S2_Interplatform CCS Database, line 15",3,,academic_only,
small_molecule,4-fluoro-19-nortestosterone,"Feuerstein et al., J. Am. Soc. Mass Spectrom. 2022",academic_only,,,steroid_jasms2022:4-estrene-4-fluoro-17β-ol-3-one,,,,,,,,,,,,,,,,,,,,,,,,,,,,,,,,,,,,190.47,0.0888819,sd,,,[M+Na]+,1,positive,DTIMS,stepped_field,N2,,,"Agilent DTIM-MS, stepped-field method","Feuerstein et al., J. Am. Soc. Mass Spectrom. 2022",10.1021/jasms.2c00196,"SI_3 sheet S2_Interplatform CCS Database, line 15",3,,academic_only,
small_molecule,19-nortestosterone/nandrolone,"Feuerstein et al., J. Am. Soc. Mass Spectrom. 2022",academic_only,,,steroid_jasms2022:4-estrene-17β-ol-3-one,,,,,,,,,,,,,,,,,,,,,,,,,,,,,,,,,,,,168.033,1.14504,sd,,,[M+H]+,1,positive,TWIMS,,N2,Waters Major Mix,,"four Waters TWIM-MS systems (2x Synapt G2-S/G2-Si, 2x Vion), interlaboratory average, republished from doi:10.1021/acs.analchem.9b05247","Feuerstein et al., J. Am. Soc. Mass Spectrom. 2022",10.1021/jasms.2c00196,"SI_3 sheet S2_Interplatform CCS Database, line 16",12,,academic_only,
small_molecule,19-nortestosterone/nandrolone,"Feuerstein et al., J. Am. Soc. Mass Spectrom. 2022",academic_only,,,steroid_jasms2022:4-estrene-17β-ol-3-one,,,,,,,,,,,,,,,,,,,,,,,,,,,,,,,,,,,,170.037,0.0929157,sd,,,[M+H]+,1,positive,TIMS,,N2,Agilent ESI-L tune mix (G1969-85000),,"timsTOF Pro, TIMCCSN2 calibrated via a linear function","Feuerstein et al., J. Am. Soc. Mass Spectrom. 2022",10.1021/jasms.2c00196,"SI_3 sheet S2_Interplatform CCS Database, line 16",,,academic_only,
small_molecule,19-nortestosterone/nandrolone,"Feuerstein et al., J. Am. Soc. Mass Spectrom. 2022",academic_only,,,steroid_jasms2022:4-estrene-17β-ol-3-one,,,,,,,,,,,,,,,,,,,,,,,,,,,,,,,,,,,,170.59,0.02,sd,,,[M+H]+,1,positive,DTIMS,single_field,N2,Agilent ESI-L tune mix (G1969-85000),,"Agilent DTIM-MS, single-field calibration, 4-bit","Feuerstein et al., J. Am. Soc. Mass Spectrom. 2022",10.1021/jasms.2c00196,"SI_3 sheet S2_Interplatform CCS Database, line 16",3,,academic_only,
small_molecule,epi-19-nortestosterone,"Feuerstein et al., J. Am. Soc. Mass Spectrom. 2022",academic_only,,,steroid_jasms2022:4-estrene-17α-ol-3-one,,,,,,,,,,,,,,,,,,,,,,,,,,,,,,,,,,,,168.214,1.06482,sd,,,[M+H]+,1,positive,TWIMS,,N2,Waters Major Mix,,"four Waters TWIM-MS systems (2x Synapt G2-S/G2-Si, 2x Vion), interlaboratory average, republished from doi:10.1021/acs.analchem.9b05247","Feuerstein et al., J. Am. Soc. Mass Spectrom. 2022",10.1021/jasms.2c00196,"SI_3 sheet S2_Interplatform CCS Database, line 17",12,,academic_only,
small_molecule,epi-19-nortestosterone,"Feuerstein et al., J. Am. Soc. Mass Spectrom. 2022",academic_only,,,steroid_jasms2022:4-estrene-17α-ol-3-one,,,,,,,,,,,,,,,,,,,,,,,,,,,,,,,,,,,,169.812,0.282135,sd,,,[M+H]+,1,positive,TIMS,,N2,Agilent ESI-L tune mix (G1969-85000),,"timsTOF Pro, TIMCCSN2 calibrated via a linear function","Feuerstein et al., J. Am. Soc. Mass Spectrom. 2022",10.1021/jasms.2c00196,"SI_3 sheet S2_Interplatform CCS Database, line 17",,,academic_only,
small_molecule,epi-19-nortestosterone,"Feuerstein et al., J. Am. Soc. Mass Spectrom. 2022",academic_only,,,steroid_jasms2022:4-estrene-17α-ol-3-one,,,,,,,,,,,,,,,,,,,,,,,,,,,,,,,,,,,,169.94,0.04,sd,,,[M+H]+,1,positive,DTIMS,single_field,N2,Agilent ESI-L tune mix (G1969-85000),,"Agilent DTIM-MS, single-field calibration, 4-bit","Feuerstein et al., J. Am. Soc. Mass Spectrom. 2022",10.1021/jasms.2c00196,"SI_3 sheet S2_Interplatform CCS Database, line 17",3,,academic_only,
small_molecule,epi-19-nortestosterone,"Feuerstein et al., J. Am. Soc. Mass Spectrom. 2022",academic_only,,,steroid_jasms2022:4-estrene-17α-ol-3-one,,,,,,,,,,,,,,,,,,,,,,,,,,,,,,,,,,,,169.367,0.208167,sd,,,[M+H]+,1,positive,DTIMS,stepped_field,N2,,,"Agilent DTIM-MS, stepped-field method","Feuerstein et al., J. Am. Soc. Mass Spectrom. 2022",10.1021/jasms.2c00196,"SI_3 sheet S2_Interplatform CCS Database, line 17",3,,academic_only,
small_molecule,epi-19-nortestosterone,"Feuerstein et al., J. Am. Soc. Mass Spectrom. 2022",academic_only,,,steroid_jasms2022:4-estrene-17α-ol-3-one,,,,,,,,,,,,,,,,,,,,,,,,,,,,,,,,,,,,194.078,0.677204,sd,,,[M+Na]+,1,positive,TWIMS,,N2,Waters Major Mix,,"four Waters TWIM-MS systems (2x Synapt G2-S/G2-Si, 2x Vion), interlaboratory average, republished from doi:10.1021/acs.analchem.9b05247","Feuerstein et al., J. Am. Soc. Mass Spectrom. 2022",10.1021/jasms.2c00196,"SI_3 sheet S2_Interplatform CCS Database, line 18",12,,academic_only,
small_molecule,epi-19-nortestosterone,"Feuerstein et al., J. Am. Soc. Mass Spectrom. 2022",academic_only,,,steroid_jasms2022:4-estrene-17α-ol-3-one,,,,,,,,,,,,,,,,,,,,,,,,,,,,,,,,,,,,195.802,0.325781,sd,,,[M+Na]+,1,positive,TIMS,,N2,Agilent ESI-L tune mix (G1969-85000),,"timsTOF Pro, TIMCCSN2 calibrated via a linear function","Feuerstein et al., J. Am. Soc. Mass Spectrom. 2022",10.1021/jasms.2c00196,"SI_3 sheet S2_Interplatform CCS Database, line 18",,,academic_only,
small_molecule,epi-19-nortestosterone,"Feuerstein et al., J. Am. Soc. Mass Spectrom. 2022",academic_only,,,steroid_jasms2022:4-estrene-17α-ol-3-one,,,,,,,,,,,,,,,,,,,,,,,,,,,,,,,,,,,,194.04,0.03,sd,,,[M+Na]+,1,positive,DTIMS,single_field,N2,Agilent ESI-L tune mix (G1969-85000),,"Agilent DTIM-MS, single-field calibration, 4-bit","Feuerstein et al., J. Am. Soc. Mass Spectrom. 2022",10.1021/jasms.2c00196,"SI_3 sheet S2_Interplatform CCS Database, line 18",3,,academic_only,
small_molecule,epi-19-nortestosterone,"Feuerstein et al., J. Am. Soc. Mass Spectrom. 2022",academic_only,,,steroid_jasms2022:4-estrene-17α-ol-3-one,,,,,,,,,,,,,,,,,,,,,,,,,,,,,,,,,,,,193.433,0.23094,sd,,,[M+Na]+,1,positive,DTIMS,stepped_field,N2,,,"Agilent DTIM-MS, stepped-field method","Feuerstein et al., J. Am. Soc. Mass Spectrom. 2022",10.1021/jasms.2c00196,"SI_3 sheet S2_Interplatform CCS Database, line 18",3,,academic_only,
small_molecule,19-nortestosterone sulfate,"Feuerstein et al., J. Am. Soc. Mass Spectrom. 2022",academic_only,,,steroid_jasms2022:4-estrene-17β-ol-3-one sulfate,,,,,,,,,,,,,,,,,,,,,,,,,,,,,,,,,,,,185.388,1.32938,sd,,,[M+H]+,1,positive,TWIMS,,N2,Waters Major Mix,,"four Waters TWIM-MS systems (2x Synapt G2-S/G2-Si, 2x Vion), interlaboratory average, republished from doi:10.1021/acs.analchem.9b05247","Feuerstein et al., J. Am. Soc. Mass Spectrom. 2022",10.1021/jasms.2c00196,"SI_3 sheet S2_Interplatform CCS Database, line 19",12,,academic_only,
small_molecule,19-nortestosterone sulfate,"Feuerstein et al., J. Am. Soc. Mass Spectrom. 2022",academic_only,,,steroid_jasms2022:4-estrene-17β-ol-3-one sulfate,,,,,,,,,,,,,,,,,,,,,,,,,,,,,,,,,,,,188.717,0.128789,sd,,,[M+H]+,1,positive,TIMS,,N2,Agilent ESI-L tune mix (G1969-85000),,"timsTOF Pro, TIMCCSN2 calibrated via a linear function","Feuerstein et al., J. Am. Soc. Mass Spectrom. 2022",10.1021/jasms.2c00196,"SI_3 sheet S2_Interplatform CCS Database, line 19",,,academic_only,
small_molecule,19-nortestosterone sulfate,"Feuerstein et al., J. Am. Soc. Mass Spectrom. 2022",academic_only,,,steroid_jasms2022:4-estrene-17β-ol-3-one sulfate,,,,,,,,,,,,,,,,,,,,,,,,,,,,,,,,,,,,189.33,0.05,sd,,,[M+H]+,1,positive,DTIMS,single_field,N2,Agilent ESI-L tune mix (G1969-85000),,"Agilent DTIM-MS, single-field calibration, 4-bit","Feuerstein et al., J. Am. Soc. Mass Spectrom. 2022",10.1021/jasms.2c00196,"SI_3 sheet S2_Interplatform CCS Database, line 19",3,,academic_only,
small_molecule,19-nortestosterone sulfate,"Feuerstein et al., J. Am. Soc. Mass Spectrom. 2022",academic_only,,,steroid_jasms2022:4-estrene-17β-ol-3-one sulfate,,,,,,,,,,,,,,,,,,,,,,,,,,,,,,,,,,,,186.949,1.01803,sd,,,[M-H]-,-1,negative,TWIMS,,N2,Waters Major Mix,,"four Waters TWIM-MS systems (2x Synapt G2-S/G2-Si, 2x Vion), interlaboratory average, republished from doi:10.1021/acs.analchem.9b05247","Feuerstein et al., J. Am. Soc. Mass Spectrom. 2022",10.1021/jasms.2c00196,"SI_3 sheet S2_Interplatform CCS Database, line 20",12,,academic_only,
small_molecule,19-nortestosterone sulfate,"Feuerstein et al., J. Am. Soc. Mass Spectrom. 2022",academic_only,,,steroid_jasms2022:4-estrene-17β-ol-3-one sulfate,,,,,,,,,,,,,,,,,,,,,,,,,,,,,,,,,,,,187.973,0.342977,sd,,,[M-H]-,-1,negative,TIMS,,N2,Agilent ESI-L tune mix (G1969-85000),,"timsTOF Pro, TIMCCSN2 calibrated via a linear function","Feuerstein et al., J. Am. Soc. Mass Spectrom. 2022",10.1021/jasms.2c00196,"SI_3 sheet S2_Interplatform CCS Database, line 20",,,academic_only,
small_molecule,19-nortestosterone sulfate,"Feuerstein et al., J. Am. Soc. Mass Spectrom. 2022",academic_only,,,steroid_jasms2022:4-estrene-17β-ol-3-one sulfate,,,,,,,,,,,,,,,,,,,,,,,,,,,,,,,,,,,,188.62,0.02,sd,,,[M-H]-,-1,negative,DTIMS,single_field,N2,Agilent ESI-L tune mix (G1969-85000),,"Agilent DTIM-MS, single-field calibration, 4-bit","Feuerstein et al., J. Am. Soc. Mass Spectrom. 2022",10.1021/jasms.2c00196,"SI_3 sheet S2_Interplatform CCS Database, line 20",3,,academic_only,
small_molecule,19-nortestosterone sulfate,"Feuerstein et al., J. Am. Soc. Mass Spectrom. 2022",academic_only,,,steroid_jasms2022:4-estrene-17β-ol-3-one sulfate,,,,,,,,,,,,,,,,,,,,,,,,,,,,,,,,,,,,189.31,,,,,[M-H]-,-1,negative,DTIMS,stepped_field,N2,,,"Agilent DTIM-MS, stepped-field method","Feuerstein et al., J. Am. Soc. Mass Spectrom. 2022",10.1021/jasms.2c00196,"SI_3 sheet S2_Interplatform CCS Database, line 20",1,,academic_only,
small_molecule,boldione,"Feuerstein et al., J. Am. Soc. Mass Spectrom. 2022",academic_only,,,"steroid_jasms2022:1,4-androstadiene-3,17-dione",,,,,,,,,,,,,,,,,,,,,,,,,,,,,,,,,,,,169.151,1.27791,sd,,,[M+H]+,1,positive,TWIMS,,N2,Waters Major Mix,,"four Waters TWIM-MS systems (2x Synapt G2-S/G2-Si, 2x Vion), interlaboratory average, republished from doi:10.1021/acs.analchem.9b05247","Feuerstein et al., J. Am. Soc. Mass Spectrom. 2022",10.1021/jasms.2c00196,"SI_3 sheet S2_Interplatform CCS Database, line 21",12,,academic_only,
small_molecule,boldione,"Feuerstein et al., J. Am. Soc. Mass Spectrom. 2022",academic_only,,,"steroid_jasms2022:1,4-androstadiene-3,17-dione",,,,,,,,,,,,,,,,,,,,,,,,,,,,,,,,,,,,171.205,0.263502,sd,,,[M+H]+,1,positive,TIMS,,N2,Agilent ESI-L tune mix (G1969-85000),,"timsTOF Pro, TIMCCSN2 calibrated via a linear function","Feuerstein et al., J. Am. Soc. Mass Spectrom. 2022",10.1021/jasms.2c00196,"SI_3 sheet S2_Interplatform CCS Database, line 21",,,academic_only,
small_molecule,boldione,"Feuerstein et al., J. Am. Soc. Mass Spectrom. 2022",academic_only,,,"steroid_jasms2022:1,4-androstadiene-3,17-dione",,,,,,,,,,,,,,,,,,,,,,,,,,,,,,,,,,,,171.2,0.02,sd,,,[M+H]+,1,positive,DTIMS,single_field,N2,Agilent ESI-L tune mix (G1969-85000),,"Agilent DTIM-MS, single-field calibration, 4-bit","Feuerstein et al., J. Am. Soc. Mass Spectrom. 2022",10.1021/jasms.2c00196,"SI_3 sheet S2_Interplatform CCS Database, line 21",3,,academic_only,
small_molecule,boldione,"Feuerstein et al., J. Am. Soc. Mass Spectrom. 2022",academic_only,,,"steroid_jasms2022:1,4-androstadiene-3,17-dione",,,,,,,,,,,,,,,,,,,,,,,,,,,,,,,,,,,,170.7,0.264575,sd,,,[M+H]+,1,positive,DTIMS,stepped_field,N2,,,"Agilent DTIM-MS, stepped-field method","Feuerstein et al., J. Am. Soc. Mass Spectrom. 2022",10.1021/jasms.2c00196,"SI_3 sheet S2_Interplatform CCS Database, line 21",3,,academic_only,
small_molecule,boldione,"Feuerstein et al., J. Am. Soc. Mass Spectrom. 2022",academic_only,,,"steroid_jasms2022:1,4-androstadiene-3,17-dione",,,,,,,,,,,,,,,,,,,,,,,,,,,,,,,,,,,,194.459,0.852278,sd,,,[M+Na]+,1,positive,TWIMS,,N2,Waters Major Mix,,"four Waters TWIM-MS systems (2x Synapt G2-S/G2-Si, 2x Vion), interlaboratory average, republished from doi:10.1021/acs.analchem.9b05247","Feuerstein et al., J. Am. Soc. Mass Spectrom. 2022",10.1021/jasms.2c00196,"SI_3 sheet S2_Interplatform CCS Database, line 22",12,,academic_only,
small_molecule,boldione,"Feuerstein et al., J. Am. Soc. Mass Spectrom. 2022",academic_only,,,"steroid_jasms2022:1,4-androstadiene-3,17-dione",,,,,,,,,,,,,,,,,,,,,,,,,,,,,,,,,,,,196.32,0.330807,sd,,,[M+Na]+,1,positive,TIMS,,N2,Agilent ESI-L tune mix (G1969-85000),,"timsTOF Pro, TIMCCSN2 calibrated via a linear function","Feuerstein et al., J. Am. Soc. Mass Spectrom. 2022",10.1021/jasms.2c00196,"SI_3 sheet S2_Interplatform CCS Database, line 22",,,academic_only,
small_molecule,boldione,"Feuerstein et al., J. Am. Soc. Mass Spectrom. 2022",academic_only,,,"steroid_jasms2022:1,4-androstadiene-3,17-dione",,,,,,,,,,,,,,,,,,,,,,,,,,,,,,,,,,,,194.99,0.01,sd,,,[M+Na]+,1,positive,DTIMS,single_field,N2,Agilent ESI-L tune mix (G1969-85000),,"Agilent DTIM-MS, single-field calibration, 4-bit","Feuerstein et al., J. Am. Soc. Mass Spectrom. 2022",10.1021/jasms.2c00196,"SI_3 sheet S2_Interplatform CCS Database, line 22",3,,academic_only,
small_molecule,boldione,"Feuerstein et al., J. Am. Soc. Mass Spectrom. 2022",academic_only,,,"steroid_jasms2022:1,4-androstadiene-3,17-dione",,,,,,,,,,,,,,,,,,,,,,,,,,,,,,,,,,,,194.5,0.173205,sd,,,[M+Na]+,1,positive,DTIMS,stepped_field,N2,,,"Agilent DTIM-MS, stepped-field method","Feuerstein et al., J. Am. Soc. Mass Spectrom. 2022",10.1021/jasms.2c00196,"SI_3 sheet S2_Interplatform CCS Database, line 22",3,,academic_only,
small_molecule,androstenedione,"Feuerstein et al., J. Am. Soc. Mass Spectrom. 2022",academic_only,,,"steroid_jasms2022:4-androstene-3,17-dione",,,,,,,,,,,,,,,,,,,,,,,,,,,,,,,,,,,,171.582,1.37629,sd,,,[M+H]+,1,positive,TWIMS,,N2,Waters Major Mix,,"four Waters TWIM-MS systems (2x Synapt G2-S/G2-Si, 2x Vion), interlaboratory average, republished from doi:10.1021/acs.analchem.9b05247","Feuerstein et al., J. Am. Soc. Mass Spectrom. 2022",10.1021/jasms.2c00196,"SI_3 sheet S2_Interplatform CCS Database, line 23",12,,academic_only,
small_molecule,androstenedione,"Feuerstein et al., J. Am. Soc. Mass Spectrom. 2022",academic_only,,,"steroid_jasms2022:4-androstene-3,17-dione",,,,,,,,,,,,,,,,,,,,,,,,,,,,,,,,,,,,173.083,0.0960902,sd,,,[M+H]+,1,positive,TIMS,,N2,Agilent ESI-L tune mix (G1969-85000),,"timsTOF Pro, TIMCCSN2 calibrated via a linear function","Feuerstein et al., J. Am. Soc. Mass Spectrom. 2022",10.1021/jasms.2c00196,"SI_3 sheet S2_Interplatform CCS Database, line 23",,,academic_only,
small_molecule,androstenedione,"Feuerstein et al., J. Am. Soc. Mass Spectrom. 2022",academic_only,,,"steroid_jasms2022:4-androstene-3,17-dione",,,,,,,,,,,,,,,,,,,,,,,,,,,,,,,,,,,,173.46,0.02,sd,,,[M+H]+,1,positive,DTIMS,single_field,N2,Agilent ESI-L tune mix (G1969-85000),,"Agilent DTIM-MS, single-field calibration, 4-bit","Feuerstein et al., J. Am. Soc. Mass Spectrom. 2022",10.1021/jasms.2c00196,"SI_3 sheet S2_Interplatform CCS Database, line 23",3,,academic_only,
small_molecule,boldenone,"Feuerstein et al., J. Am. Soc. Mass Spectrom. 2022",academic_only,,,"steroid_jasms2022:1,4-androstadiene-17β-ol-3-one",,,,,,,,,,,,,,,,,,,,,,,,,,,,,,,,,,,,169.473,1.57324,sd,,,[M+H]+,1,positive,TWIMS,,N2,Waters Major Mix,,"four Waters TWIM-MS systems (2x Synapt G2-S/G2-Si, 2x Vion), interlaboratory average, republished from doi:10.1021/acs.analchem.9b05247","Feuerstein et al., J. Am. Soc. Mass Spectrom. 2022",10.1021/jasms.2c00196,"SI_3 sheet S2_Interplatform CCS Database, line 24",12,,academic_only,
small_molecule,boldenone,"Feuerstein et al., J. Am. Soc. Mass Spectrom. 2022",academic_only,,,"steroid_jasms2022:1,4-androstadiene-17β-ol-3-one",,,,,,,,,,,,,,,,,,,,,,,,,,,,,,,,,,,,171.215,0.270986,sd,,,[M+H]+,1,positive,TIMS,,N2,Agilent ESI-L tune mix (G1969-85000),,"timsTOF Pro, TIMCCSN2 calibrated via a linear function","Feuerstein et al., J. Am. Soc. Mass Spectrom. 2022",10.1021/jasms.2c00196,"SI_3 sheet S2_Interplatform CCS Database, line 24",,,academic_only,
small_molecule,boldenone,"Feuerstein et al., J. Am. Soc. Mass Spectrom. 2022",academic_only,,,"steroid_jasms2022:1,4-androstadiene-17β-ol-3-one",,,,,,,,,,,,,,,,,,,,,,,,,,,,,,,,,,,,170.83,0.01,sd,,,[M+H]+,1,positive,DTIMS,single_field,N2,Agilent ESI-L tune mix (G1969-85000),,"Agilent DTIM-MS, single-field calibration, 4-bit","Feuerstein et al., J. Am. Soc. Mass Spectrom. 2022",10.1021/jasms.2c00196,"SI_3 sheet S2_Interplatform CCS Database, line 24",3,,academic_only,
small_molecule,boldenone,"Feuerstein et al., J. Am. Soc. Mass Spectrom. 2022",academic_only,,,"steroid_jasms2022:1,4-androstadiene-17β-ol-3-one",,,,,,,,,,,,,,,,,,,,,,,,,,,,,,,,,,,,170.167,0.494975,sd,,,[M+H]+,1,positive,DTIMS,stepped_field,N2,,,"Agilent DTIM-MS, stepped-field method","Feuerstein et al., J. Am. Soc. Mass Spectrom. 2022",10.1021/jasms.2c00196,"SI_3 sheet S2_Interplatform CCS Database, line 24",3,,academic_only,
small_molecule,boldenone,"Feuerstein et al., J. Am. Soc. Mass Spectrom. 2022",academic_only,,,"steroid_jasms2022:1,4-androstadiene-17β-ol-3-one",,,,,,,,,,,,,,,,,,,,,,,,,,,,,,,,,,,,195.247,0.76789,sd,,,[M+Na]+,1,positive,TWIMS,,N2,Waters Major Mix,,"four Waters TWIM-MS systems (2x Synapt G2-S/G2-Si, 2x Vion), interlaboratory average, republished from doi:10.1021/acs.analchem.9b05247","Feuerstein et al., J. Am. Soc. Mass Spectrom. 2022",10.1021/jasms.2c00196,"SI_3 sheet S2_Interplatform CCS Database, line 25",12,,academic_only,
small_molecule,boldenone,"Feuerstein et al., J. Am. Soc. Mass Spectrom. 2022",academic_only,,,"steroid_jasms2022:1,4-androstadiene-17β-ol-3-one",,,,,,,,,,,,,,,,,,,,,,,,,,,,,,,,,,,,196.795,0.0964365,sd,,,[M+Na]+,1,positive,TIMS,,N2,Agilent ESI-L tune mix (G1969-85000),,"timsTOF Pro, TIMCCSN2 calibrated via a linear function","Feuerstein et al., J. Am. Soc. Mass Spectrom. 2022",10.1021/jasms.2c00196,"SI_3 sheet S2_Interplatform CCS Database, line 25",,,academic_only,
small_molecule,boldenone,"Feuerstein et al., J. Am. Soc. Mass Spectrom. 2022",academic_only,,,"steroid_jasms2022:1,4-androstadiene-17β-ol-3-one",,,,,,,,,,,,,,,,,,,,,,,,,,,,,,,,,,,,195.55,,,,,[M+Na]+,1,positive,DTIMS,single_field,N2,Agilent ESI-L tune mix (G1969-85000),,"Agilent DTIM-MS, single-field calibration, 4-bit","Feuerstein et al., J. Am. Soc. Mass Spectrom. 2022",10.1021/jasms.2c00196,"SI_3 sheet S2_Interplatform CCS Database, line 25",3,,academic_only,
small_molecule,boldenone,"Feuerstein et al., J. Am. Soc. Mass Spectrom. 2022",academic_only,,,"steroid_jasms2022:1,4-androstadiene-17β-ol-3-one",,,,,,,,,,,,,,,,,,,,,,,,,,,,,,,,,,,,195.067,0.11547,sd,,,[M+Na]+,1,positive,DTIMS,stepped_field,N2,,,"Agilent DTIM-MS, stepped-field method","Feuerstein et al., J. Am. Soc. Mass Spectrom. 2022",10.1021/jasms.2c00196,"SI_3 sheet S2_Interplatform CCS Database, line 25",3,,academic_only,
small_molecule,boldenone sulfate,"Feuerstein et al., J. Am. Soc. Mass Spectrom. 2022",academic_only,,,"steroid_jasms2022:1,4-androstadiene-17β-ol-3-one sulfate",,,,,,,,,,,,,,,,,,,,,,,,,,,,,,,,,,,,189.964,1.18752,sd,,,[M-H]-,-1,negative,TWIMS,,N2,Waters Major Mix,,"four Waters TWIM-MS systems (2x Synapt G2-S/G2-Si, 2x Vion), interlaboratory average, republished from doi:10.1021/acs.analchem.9b05247","Feuerstein et al., J. Am. Soc. Mass Spectrom. 2022",10.1021/jasms.2c00196,"SI_3 sheet S2_Interplatform CCS Database, line 26",12,,academic_only,
small_molecule,boldenone sulfate,"Feuerstein et al., J. Am. Soc. Mass Spectrom. 2022",academic_only,,,"steroid_jasms2022:1,4-androstadiene-17β-ol-3-one sulfate",,,,,,,,,,,,,,,,,,,,,,,,,,,,,,,,,,,,190.714,0.175157,sd,,,[M-H]-,-1,negative,TIMS,,N2,Agilent ESI-L tune mix (G1969-85000),,"timsTOF Pro, TIMCCSN2 calibrated via a linear function","Feuerstein et al., J. Am. Soc. Mass Spectrom. 2022",10.1021/jasms.2c00196,"SI_3 sheet S2_Interplatform CCS Database, line 26",,,academic_only,
small_molecule,boldenone sulfate,"Feuerstein et al., J. Am. Soc. Mass Spectrom. 2022",academic_only,,,"steroid_jasms2022:1,4-androstadiene-17β-ol-3-one sulfate",,,,,,,,,,,,,,,,,,,,,,,,,,,,,,,,,,,,191.03,0.03,sd,,,[M-H]-,-1,negative,DTIMS,single_field,N2,Agilent ESI-L tune mix (G1969-85000),,"Agilent DTIM-MS, single-field calibration, 4-bit","Feuerstein et al., J. Am. Soc. Mass Spectrom. 2022",10.1021/jasms.2c00196,"SI_3 sheet S2_Interplatform CCS Database, line 26",3,,academic_only,
small_molecule,boldenone sulfate,"Feuerstein et al., J. Am. Soc. Mass Spectrom. 2022",academic_only,,,"steroid_jasms2022:1,4-androstadiene-17β-ol-3-one sulfate",,,,,,,,,,,,,,,,,,,,,,,,,,,,,,,,,,,,191.7,,,,,[M-H]-,-1,negative,DTIMS,stepped_field,N2,,,"Agilent DTIM-MS, stepped-field method","Feuerstein et al., J. Am. Soc. Mass Spectrom. 2022",10.1021/jasms.2c00196,"SI_3 sheet S2_Interplatform CCS Database, line 26",1,,academic_only,
small_molecule,boldenone sulfate,"Feuerstein et al., J. Am. Soc. Mass Spectrom. 2022",academic_only,,,"steroid_jasms2022:1,4-androstadiene-17β-ol-3-one sulfate",,,,,,,,,,,,,,,,,,,,,,,,,,,,,,,,,,,,186.851,1.38514,sd,,,[M+H]+,1,positive,TWIMS,,N2,Waters Major Mix,,"four Waters TWIM-MS systems (2x Synapt G2-S/G2-Si, 2x Vion), interlaboratory average, republished from doi:10.1021/acs.analchem.9b05247","Feuerstein et al., J. Am. Soc. Mass Spectrom. 2022",10.1021/jasms.2c00196,"SI_3 sheet S2_Interplatform CCS Database, line 27",12,,academic_only,
small_molecule,boldenone sulfate,"Feuerstein et al., J. Am. Soc. Mass Spectrom. 2022",academic_only,,,"steroid_jasms2022:1,4-androstadiene-17β-ol-3-one sulfate",,,,,,,,,,,,,,,,,,,,,,,,,,,,,,,,,,,,189.143,0.085049,sd,,,[M+H]+,1,positive,TIMS,,N2,Agilent ESI-L tune mix (G1969-85000),,"timsTOF Pro, TIMCCSN2 calibrated via a linear function","Feuerstein et al., J. Am. Soc. Mass Spectrom. 2022",10.1021/jasms.2c00196,"SI_3 sheet S2_Interplatform CCS Database, line 27",,,academic_only,
small_molecule,boldenone sulfate,"Feuerstein et al., J. Am. Soc. Mass Spectrom. 2022",academic_only,,,"steroid_jasms2022:1,4-androstadiene-17β-ol-3-one sulfate",,,,,,,,,,,,,,,,,,,,,,,,,,,,,,,,,,,,189.6,0.02,sd,,,[M+H]+,1,positive,DTIMS,single_field,N2,Agilent ESI-L tune mix (G1969-85000),,"Agilent DTIM-MS, single-field calibration, 4-bit","Feuerstein et al., J. Am. Soc. Mass Spectrom. 2022",10.1021/jasms.2c00196,"SI_3 sheet S2_Interplatform CCS Database, line 27",3,,academic_only,
small_molecule,boldenone sulfate,"Feuerstein et al., J. Am. Soc. Mass Spectrom. 2022",academic_only,,,"steroid_jasms2022:1,4-androstadiene-17β-ol-3-one sulfate",,,,,,,,,,,,,,,,,,,,,,,,,,,,,,,,,,,,212.928,1.13479,sd,,,[M+Na]+,1,positive,TWIMS,,N2,Waters Major Mix,,"four Waters TWIM-MS systems (2x Synapt G2-S/G2-Si, 2x Vion), interlaboratory average, republished from doi:10.1021/acs.analchem.9b05247","Feuerstein et al., J. Am. Soc. Mass Spectrom. 2022",10.1021/jasms.2c00196,"SI_3 sheet S2_Interplatform CCS Database, line 28",12,,academic_only,
small_molecule,boldenone sulfate,"Feuerstein et al., J. Am. Soc. Mass Spectrom. 2022",academic_only,,,"steroid_jasms2022:1,4-androstadiene-17β-ol-3-one sulfate",,,,,,,,,,,,,,,,,,,,,,,,,,,,,,,,,,,,214.847,0.083865,sd,,,[M+Na]+,1,positive,TIMS,,N2,Agilent ESI-L tune mix (G1969-85000),,"timsTOF Pro, TIMCCSN2 calibrated via a linear function","Feuerstein et al., J. Am. Soc. Mass Spectrom. 2022",10.1021/jasms.2c00196,"SI_3 sheet S2_Interplatform CCS Database, line 28",,,academic_only,
small_molecule,4-chlorotestosterone/clostebol,"Feuerstein et al., J. Am. Soc. Mass Spectrom. 2022",academic_only,,,steroid_jasms2022:4-androstene-4-chloro-17β-ol-3-one,,,,,,,,,,,,,,,,,,,,,,,,,,,,,,,,,,,,174.293,1.74276,sd,,,[M+H]+,1,positive,TWIMS,,N2,Waters Major Mix,,"four Waters TWIM-MS systems (2x Synapt G2-S/G2-Si, 2x Vion), interlaboratory average, republished from doi:10.1021/acs.analchem.9b05247","Feuerstein et al., J. Am. Soc. Mass Spectrom. 2022",10.1021/jasms.2c00196,"SI_3 sheet S2_Interplatform CCS Database, line 29",12,,academic_only,
small_molecule,4-chlorotestosterone/clostebol,"Feuerstein et al., J. Am. Soc. Mass Spectrom. 2022",academic_only,,,steroid_jasms2022:4-androstene-4-chloro-17β-ol-3-one,,,,,,,,,,,,,,,,,,,,,,,,,,,,,,,,,,,,176.013,0.0602771,sd,,,[M+H]+,1,positive,TIMS,,N2,Agilent ESI-L tune mix (G1969-85000),,"timsTOF Pro, TIMCCSN2 calibrated via a linear function","Feuerstein et al., J. Am. Soc. Mass Spectrom. 2022",10.1021/jasms.2c00196,"SI_3 sheet S2_Interplatform CCS Database, line 29",,,academic_only,
small_molecule,4-chlorotestosterone/clostebol,"Feuerstein et al., J. Am. Soc. Mass Spectrom. 2022",academic_only,,,steroid_jasms2022:4-androstene-4-chloro-17β-ol-3-one,,,,,,,,,,,,,,,,,,,,,,,,,,,,,,,,,,,,175.91,0.04,sd,,,[M+H]+,1,positive,DTIMS,single_field,N2,Agilent ESI-L tune mix (G1969-85000),,"Agilent DTIM-MS, single-field calibration, 4-bit","Feuerstein et al., J. Am. Soc. Mass Spectrom. 2022",10.1021/jasms.2c00196,"SI_3 sheet S2_Interplatform CCS Database, line 29",3,,academic_only,
small_molecule,4-chlorotestosterone/clostebol,"Feuerstein et al., J. Am. Soc. Mass Spectrom. 2022",academic_only,,,steroid_jasms2022:4-androstene-4-chloro-17β-ol-3-one,,,,,,,,,,,,,,,,,,,,,,,,,,,,,,,,,,,,174.797,0.586202,sd,,,[M+H]+,1,positive,DTIMS,stepped_field,N2,,,"Agilent DTIM-MS, stepped-field method","Feuerstein et al., J. Am. Soc. Mass Spectrom. 2022",10.1021/jasms.2c00196,"SI_3 sheet S2_Interplatform CCS Database, line 29",3,,academic_only,
small_molecule,4-chlorotestosterone/clostebol,"Feuerstein et al., J. Am. Soc. Mass Spectrom. 2022",academic_only,,,steroid_jasms2022:4-androstene-4-chloro-17β-ol-3-one,,,,,,,,,,,,,,,,,,,,,,,,,,,,,,,,,,,,195.723,1.13087,sd,,,[M+Na]+,1,positive,TWIMS,,N2,Waters Major Mix,,"four Waters TWIM-MS systems (2x Synapt G2-S/G2-Si, 2x Vion), interlaboratory average, republished from doi:10.1021/acs.analchem.9b05247","Feuerstein et al., J. Am. Soc. Mass Spectrom. 2022",10.1021/jasms.2c00196,"SI_3 sheet S2_Interplatform CCS Database, line 30",12,,academic_only,
small_molecule,4-chlorotestosterone/clostebol,"Feuerstein et al., J. Am. Soc. Mass Spectrom. 2022",academic_only,,,steroid_jasms2022:4-androstene-4-chloro-17β-ol-3-one,,,,,,,,,,,,,,,,,,,,,,,,,,,,,,,,,,,,198.033,0.133167,sd,,,[M+Na]+,1,positive,TIMS,,N2,Agilent ESI-L tune mix (G1969-85000),,"timsTOF Pro, TIMCCSN2 calibrated via a linear function","Feuerstein et al., J. Am. Soc. Mass Spectrom. 2022",10.1021/jasms.2c00196,"SI_3 sheet S2_Interplatform CCS Database, line 30",,,academic_only,
small_molecule,4-chlorotestosterone/clostebol,"Feuerstein et al., J. Am. Soc. Mass Spectrom. 2022",academic_only,,,steroid_jasms2022:4-androstene-4-chloro-17β-ol-3-one,,,,,,,,,,,,,,,,,,,,,,,,,,,,,,,,,,,,196.78,0.02,sd,,,[M+Na]+,1,positive,DTIMS,single_field,N2,Agilent ESI-L tune mix (G1969-85000),,"Agilent DTIM-MS, single-field calibration, 4-bit","Feuerstein et al., J. Am. Soc. Mass Spectrom. 2022",10.1021/jasms.2c00196,"SI_3 sheet S2_Interplatform CCS Database, line 30",3,,academic_only,
small_molecule,4-chlorotestosterone/clostebol,"Feuerstein et al., J. Am. Soc. Mass Spectrom. 2022",academic_only,,,steroid_jasms2022:4-androstene-4-chloro-17β-ol-3-one,,,,,,,,,,,,,,,,,,,,,,,,,,,,,,,,,,,,196.343,0.164418,sd,,,[M+Na]+,1,positive,DTIMS,stepped_field,N2,,,"Agilent DTIM-MS, stepped-field method","Feuerstein et al., J. Am. Soc. Mass Spectrom. 2022",10.1021/jasms.2c00196,"SI_3 sheet S2_Interplatform CCS Database, line 30",3,,academic_only,
small_molecule,androstanedione,"Feuerstein et al., J. Am. Soc. Mass Spectrom. 2022",academic_only,,,"steroid_jasms2022:5α-androstane-3,17-dione",,,,,,,,,,,,,,,,,,,,,,,,,,,,,,,,,,,,175.998,1.70399,sd,,,[M+H]+,1,positive,TWIMS,,N2,Waters Major Mix,,"four Waters TWIM-MS systems (2x Synapt G2-S/G2-Si, 2x Vion), interlaboratory average, republished from doi:10.1021/acs.analchem.9b05247","Feuerstein et al., J. Am. Soc. Mass Spectrom. 2022",10.1021/jasms.2c00196,"SI_3 sheet S2_Interplatform CCS Database, line 31",12,,academic_only,
small_molecule,androstanedione,"Feuerstein et al., J. Am. Soc. Mass Spectrom. 2022",academic_only,,,"steroid_jasms2022:5α-androstane-3,17-dione",,,,,,,,,,,,,,,,,,,,,,,,,,,,,,,,,,,,177.64,0.18363,sd,,,[M+H]+,1,positive,TIMS,,N2,Agilent ESI-L tune mix (G1969-85000),,"timsTOF Pro, TIMCCSN2 calibrated via a linear function","Feuerstein et al., J. Am. Soc. Mass Spectrom. 2022",10.1021/jasms.2c00196,"SI_3 sheet S2_Interplatform CCS Database, line 31",,,academic_only,
small_molecule,androstanedione,"Feuerstein et al., J. Am. Soc. Mass Spectrom. 2022",academic_only,,,"steroid_jasms2022:5α-androstane-3,17-dione",,,,,,,,,,,,,,,,,,,,,,,,,,,,,,,,,,,,180.95,0.11,sd,,,[M+H]+,1,positive,DTIMS,single_field,N2,Agilent ESI-L tune mix (G1969-85000),,"Agilent DTIM-MS, single-field calibration, 4-bit","Feuerstein et al., J. Am. Soc. Mass Spectrom. 2022",10.1021/jasms.2c00196,"SI_3 sheet S2_Interplatform CCS Database, line 31",3,,academic_only,
small_molecule,androstanedione,"Feuerstein et al., J. Am. Soc. Mass Spectrom. 2022",academic_only,,,"steroid_jasms2022:5α-androstane-3,17-dione",,,,,,,,,,,,,,,,,,,,,,,,,,,,,,,,,,,,180.467,0.11547,sd,,,[M+H]+,1,positive,DTIMS,stepped_field,N2,,,"Agilent DTIM-MS, stepped-field method","Feuerstein et al., J. Am. Soc. Mass Spectrom. 2022",10.1021/jasms.2c00196,"SI_3 sheet S2_Interplatform CCS Database, line 31",3,,academic_only,
small_molecule,epitestosterone,"Feuerstein et al., J. Am. Soc. Mass Spectrom. 2022",academic_only,,,steroid_jasms2022:4-androstene-17α-ol-3-one,,,,,,,,,,,,,,,,,,,,,,,,,,,,,,,,,,,,171.75,1.29721,sd,,,[M+H]+,1,positive,TWIMS,,N2,Waters Major Mix,,"four Waters TWIM-MS systems (2x Synapt G2-S/G2-Si, 2x Vion), interlaboratory average, republished from doi:10.1021/acs.analchem.9b05247","Feuerstein et al., J. Am. Soc. Mass Spectrom. 2022",10.1021/jasms.2c00196,"SI_3 sheet S2_Interplatform CCS Database, line 32",12,,academic_only,
small_molecule,epitestosterone,"Feuerstein et al., J. Am. Soc. Mass Spectrom. 2022",academic_only,,,steroid_jasms2022:4-androstene-17α-ol-3-one,,,,,,,,,,,,,,,,,,,,,,,,,,,,,,,,,,,,172.983,0.0665833,sd,,,[M+H]+,1,positive,TIMS,,N2,Agilent ESI-L tune mix (G1969-85000),,"timsTOF Pro, TIMCCSN2 calibrated via a linear function","Feuerstein et al., J. Am. Soc. Mass Spectrom. 2022",10.1021/jasms.2c00196,"SI_3 sheet S2_Interplatform CCS Database, line 32",,,academic_only,
small_molecule,epitestosterone,"Feuerstein et al., J. Am. Soc. Mass Spectrom. 2022",academic_only,,,steroid_jasms2022:4-androstene-17α-ol-3-one,,,,,,,,,,,,,,,,,,,,,,,,,,,,,,,,,,,,172.93,0.03,sd,,,[M+H]+,1,positive,DTIMS,single_field,N2,Agilent ESI-L tune mix (G1969-85000),,"Agilent DTIM-MS, single-field calibration, 4-bit","Feuerstein et al., J. Am. Soc. Mass Spectrom. 2022",10.1021/jasms.2c00196,"SI_3 sheet S2_Interplatform CCS Database, line 32",3,,academic_only,
small_molecule,epitestosterone,"Feuerstein et al., J. Am. Soc. Mass Spectrom. 2022",academic_only,,,steroid_jasms2022:4-androstene-17α-ol-3-one,,,,,,,,,,,,,,,,,,,,,,,,,,,,,,,,,,,,172.257,0.475009,sd,,,[M+H]+,1,positive,DTIMS,stepped_field,N2,,,"Agilent DTIM-MS, stepped-field method","Feuerstein et al., J. Am. Soc. Mass Spectrom. 2022",10.1021/jasms.2c00196,"SI_3 sheet S2_Interplatform CCS Database, line 32",3,,academic_only,
small_molecule,epitestosterone,"Feuerstein et al., J. Am. Soc. Mass Spectrom. 2022",academic_only,,,steroid_jasms2022:4-androstene-17α-ol-3-one,,,,,,,,,,,,,,,,,,,,,,,,,,,,,,,,,,,,197.619,0.708148,sd,,,[M+Na]+,1,positive,TWIMS,,N2,Waters Major Mix,,"four Waters TWIM-MS systems (2x Synapt G2-S/G2-Si, 2x Vion), interlaboratory average, republished from doi:10.1021/acs.analchem.9b05247","Feuerstein et al., J. Am. Soc. Mass Spectrom. 2022",10.1021/jasms.2c00196,"SI_3 sheet S2_Interplatform CCS Database, line 33",12,,academic_only,
small_molecule,epitestosterone,"Feuerstein et al., J. Am. Soc. Mass Spectrom. 2022",academic_only,,,steroid_jasms2022:4-androstene-17α-ol-3-one,,,,,,,,,,,,,,,,,,,,,,,,,,,,,,,,,,,,199.007,0.304357,sd,,,[M+Na]+,1,positive,TIMS,,N2,Agilent ESI-L tune mix (G1969-85000),,"timsTOF Pro, TIMCCSN2 calibrated via a linear function","Feuerstein et al., J. Am. Soc. Mass Spectrom. 2022",10.1021/jasms.2c00196,"SI_3 sheet S2_Interplatform CCS Database, line 33",,,academic_only,
small_molecule,epitestosterone,"Feuerstein et al., J. Am. Soc. Mass Spectrom. 2022",academic_only,,,steroid_jasms2022:4-androstene-17α-ol-3-one,,,,,,,,,,,,,,,,,,,,,,,,,,,,,,,,,,,,197.35,0.02,sd,,,[M+Na]+,1,positive,DTIMS,single_field,N2,Agilent ESI-L tune mix (G1969-85000),,"Agilent DTIM-MS, single-field calibration, 4-bit","Feuerstein et al., J. Am. Soc. Mass Spectrom. 2022",10.1021/jasms.2c00196,"SI_3 sheet S2_Interplatform CCS Database, line 33",3,,academic_only,
small_molecule,epitestosterone,"Feuerstein et al., J. Am. Soc. Mass Spectrom. 2022",academic_only,,,steroid_jasms2022:4-androstene-17α-ol-3-one,,,,,,,,,,,,,,,,,,,,,,,,,,,,,,,,,,,,196.833,0.191398,sd,,,[M+Na]+,1,positive,DTIMS,stepped_field,N2,,,"Agilent DTIM-MS, stepped-field method","Feuerstein et al., J. Am. Soc. Mass Spectrom. 2022",10.1021/jasms.2c00196,"SI_3 sheet S2_Interplatform CCS Database, line 33",3,,academic_only,
small_molecule,testosterone,"Feuerstein et al., J. Am. Soc. Mass Spectrom. 2022",academic_only,,,steroid_jasms2022:4-androstene-17β-ol-3-one,,,,,,,,,,,,,,,,,,,,,,,,,,,,,,,,,,,,171.686,1.256,sd,,,[M+H]+,1,positive,TWIMS,,N2,Waters Major Mix,,"four Waters TWIM-MS systems (2x Synapt G2-S/G2-Si, 2x Vion), interlaboratory average, republished from doi:10.1021/acs.analchem.9b05247","Feuerstein et al., J. Am. Soc. Mass Spectrom. 2022",10.1021/jasms.2c00196,"SI_3 sheet S2_Interplatform CCS Database, line 34",12,,academic_only,
small_molecule,testosterone,"Feuerstein et al., J. Am. Soc. Mass Spectrom. 2022",academic_only,,,steroid_jasms2022:4-androstene-17β-ol-3-one,,,,,,,,,,,,,,,,,,,,,,,,,,,,,,,,,,,,173.278,0.185409,sd,,,[M+H]+,1,positive,TIMS,,N2,Agilent ESI-L tune mix (G1969-85000),,"timsTOF Pro, TIMCCSN2 calibrated via a linear function","Feuerstein et al., J. Am. Soc. Mass Spectrom. 2022",10.1021/jasms.2c00196,"SI_3 sheet S2_Interplatform CCS Database, line 34",,,academic_only,
small_molecule,testosterone,"Feuerstein et al., J. Am. Soc. Mass Spectrom. 2022",academic_only,,,steroid_jasms2022:4-androstene-17β-ol-3-one,,,,,,,,,,,,,,,,,,,,,,,,,,,,,,,,,,,,173.27,0.02,sd,,,[M+H]+,1,positive,DTIMS,single_field,N2,Agilent ESI-L tune mix (G1969-85000),,"Agilent DTIM-MS, single-field calibration, 4-bit","Feuerstein et al., J. Am. Soc. Mass Spectrom. 2022",10.1021/jasms.2c00196,"SI_3 sheet S2_Interplatform CCS Database, line 34",3,,academic_only,
small_molecule,14α-hydroxytestosterone,"Feuerstein et al., J. Am. Soc. Mass Spectrom. 2022",academic_only,,,"steroid_jasms2022:4-androstene-14α,17β-diol-3-one",,,,,,,,,,,,,,,,,,,,,,,,,,,,,,,,,,,,174.451,2.31091,sd,,,[M+H]+,1,positive,TWIMS,,N2,Waters Major Mix,,"four Waters TWIM-MS systems (2x Synapt G2-S/G2-Si, 2x Vion), interlaboratory average, republished from doi:10.1021/acs.analchem.9b05247","Feuerstein et al., J. Am. Soc. Mass Spectrom. 2022",10.1021/jasms.2c00196,"SI_3 sheet S2_Interplatform CCS Database, line 35",12,,academic_only,
small_molecule,14α-hydroxytestosterone,"Feuerstein et al., J. Am. Soc. Mass Spectrom. 2022",academic_only,,,"steroid_jasms2022:4-androstene-14α,17β-diol-3-one",,,,,,,,,,,,,,,,,,,,,,,,,,,,,,,,,,,,174.962,0.245017,sd,,,[M+H]+,1,positive,TIMS,,N2,Agilent ESI-L tune mix (G1969-85000),,"timsTOF Pro, TIMCCSN2 calibrated via a linear function","Feuerstein et al., J. Am. Soc. Mass Spectrom. 2022",10.1021/jasms.2c00196,"SI_3 sheet S2_Interplatform CCS Database, line 35",,,academic_only,
small_molecule,14α-hydroxytestosterone,"Feuerstein et al., J. Am. Soc. Mass Spectrom. 2022",academic_only,,,"steroid_jasms2022:4-androstene-14α,17β-diol-3-one",,,,,,,,,,,,,,,,,,,,,,,,,,,,,,,,,,,,174.99,0.02,sd,,,[M+H]+,1,positive,DTIMS,single_field,N2,Agilent ESI-L tune mix (G1969-85000),,"Agilent DTIM-MS, single-field calibration, 4-bit","Feuerstein et al., J. Am. Soc. Mass Spectrom. 2022",10.1021/jasms.2c00196,"SI_3 sheet S2_Interplatform CCS Database, line 35",3,,academic_only,
small_molecule,14α-hydroxytestosterone,"Feuerstein et al., J. Am. Soc. Mass Spectrom. 2022",academic_only,,,"steroid_jasms2022:4-androstene-14α,17β-diol-3-one",,,,,,,,,,,,,,,,,,,,,,,,,,,,,,,,,,,,174,,,,,[M+H]+,1,positive,DTIMS,stepped_field,N2,,,"Agilent DTIM-MS, stepped-field method","Feuerstein et al., J. Am. Soc. Mass Spectrom. 2022",10.1021/jasms.2c00196,"SI_3 sheet S2_Interplatform CCS Database, line 35",3,,academic_only,
small_molecule,16α-hydroxytestosterone,"Feuerstein et al., J. Am. Soc. Mass Spectrom. 2022",academic_only,,,steroid_jasms2022:4-androstene-16α-17β-diol-3-one,,,,,,,,,,,,,,,,,,,,,,,,,,,,,,,,,,,,174.029,1.22086,sd,,,[M+H]+,1,positive,TWIMS,,N2,Waters Major Mix,,"four Waters TWIM-MS systems (2x Synapt G2-S/G2-Si, 2x Vion), interlaboratory average, republished from doi:10.1021/acs.analchem.9b05247","Feuerstein et al., J. Am. Soc. Mass Spectrom. 2022",10.1021/jasms.2c00196,"SI_3 sheet S2_Interplatform CCS Database, line 36",12,,academic_only,
small_molecule,16α-hydroxytestosterone,"Feuerstein et al., J. Am. Soc. Mass Spectrom. 2022",academic_only,,,steroid_jasms2022:4-androstene-16α-17β-diol-3-one,,,,,,,,,,,,,,,,,,,,,,,,,,,,,,,,,,,,177.183,0.100167,sd,,,[M+H]+,1,positive,TIMS,,N2,Agilent ESI-L tune mix (G1969-85000),,"timsTOF Pro, TIMCCSN2 calibrated via a linear function","Feuerstein et al., J. Am. Soc. Mass Spectrom. 2022",10.1021/jasms.2c00196,"SI_3 sheet S2_Interplatform CCS Database, line 36",,,academic_only,
small_molecule,16α-hydroxytestosterone,"Feuerstein et al., J. Am. Soc. Mass Spectrom. 2022",academic_only,,,steroid_jasms2022:4-androstene-16α-17β-diol-3-one,,,,,,,,,,,,,,,,,,,,,,,,,,,,,,,,,,,,177.51,0.02,sd,,,[M+H]+,1,positive,DTIMS,single_field,N2,Agilent ESI-L tune mix (G1969-85000),,"Agilent DTIM-MS, single-field calibration, 4-bit","Feuerstein et al., J. Am. Soc. Mass Spectrom. 2022",10.1021/jasms.2c00196,"SI_3 sheet S2_Interplatform CCS Database, line 36",3,,academic_only,
small_molecule,16α-hydroxytestosterone,"Feuerstein et al., J. Am. Soc. Mass Spectrom. 2022",academic_only,,,steroid_jasms2022:4-androstene-16α-17β-diol-3-one,,,,,,,,,,,,,,,,,,,,,,,,,,,,,,,,,,,,176.57,0.164621,sd,,,[M+H]+,1,positive,DTIMS,stepped_field,N2,,,"Agilent DTIM-MS, stepped-field method","Feuerstein et al., J. Am. Soc. Mass Spectrom. 2022",10.1021/jasms.2c00196,"SI_3 sheet S2_Interplatform CCS Database, line 36",3,,academic_only,
small_molecule,DHEA sulfate/Prasterone sulfate,"Feuerstein et al., J. Am. Soc. Mass Spectrom. 2022",academic_only,,,steroid_jasms2022:5-androstene-3β-ol-17-one sulfate,,,,,,,,,,,,,,,,,,,,,,,,,,,,,,,,,,,,194.812,1.2588,sd,,,[M-H]-,-1,negative,TWIMS,,N2,Waters Major Mix,,"four Waters TWIM-MS systems (2x Synapt G2-S/G2-Si, 2x Vion), interlaboratory average, republished from doi:10.1021/acs.analchem.9b05247","Feuerstein et al., J. Am. Soc. Mass Spectrom. 2022",10.1021/jasms.2c00196,"SI_3 sheet S2_Interplatform CCS Database, line 37",12,,academic_only,
small_molecule,DHEA sulfate/Prasterone sulfate,"Feuerstein et al., J. Am. Soc. Mass Spectrom. 2022",academic_only,,,steroid_jasms2022:5-androstene-3β-ol-17-one sulfate,,,,,,,,,,,,,,,,,,,,,,,,,,,,,,,,,,,,196.333,0.057735,sd,,,[M-H]-,-1,negative,TIMS,,N2,Agilent ESI-L tune mix (G1969-85000),,"timsTOF Pro, TIMCCSN2 calibrated via a linear function","Feuerstein et al., J. Am. Soc. Mass Spectrom. 2022",10.1021/jasms.2c00196,"SI_3 sheet S2_Interplatform CCS Database, line 37",,,academic_only,
small_molecule,DHEA sulfate/Prasterone sulfate,"Feuerstein et al., J. Am. Soc. Mass Spectrom. 2022",academic_only,,,steroid_jasms2022:5-androstene-3β-ol-17-one sulfate,,,,,,,,,,,,,,,,,,,,,,,,,,,,,,,,,,,,196.81,0.02,sd,,,[M-H]-,-1,negative,DTIMS,single_field,N2,Agilent ESI-L tune mix (G1969-85000),,"Agilent DTIM-MS, single-field calibration, 4-bit","Feuerstein et al., J. Am. Soc. Mass Spectrom. 2022",10.1021/jasms.2c00196,"SI_3 sheet S2_Interplatform CCS Database, line 37",3,,academic_only,
small_molecule,DHEA sulfate/Prasterone sulfate,"Feuerstein et al., J. Am. Soc. Mass Spectrom. 2022",academic_only,,,steroid_jasms2022:5-androstene-3β-ol-17-one sulfate,,,,,,,,,,,,,,,,,,,,,,,,,,,,,,,,,,,,197.85,,,,,[M-H]-,-1,negative,DTIMS,stepped_field,N2,,,"Agilent DTIM-MS, stepped-field method","Feuerstein et al., J. Am. Soc. Mass Spectrom. 2022",10.1021/jasms.2c00196,"SI_3 sheet S2_Interplatform CCS Database, line 37",1,,academic_only,
small_molecule,epitestosterone sulfate,"Feuerstein et al., J. Am. Soc. Mass Spectrom. 2022",academic_only,,,steroid_jasms2022:4-androstene-17α-ol-3-one sulfate,,,,,,,,,,,,,,,,,,,,,,,,,,,,,,,,,,,,189.744,1.3765,sd,,,[M+H]+,1,positive,TWIMS,,N2,Waters Major Mix,,"four Waters TWIM-MS systems (2x Synapt G2-S/G2-Si, 2x Vion), interlaboratory average, republished from doi:10.1021/acs.analchem.9b05247","Feuerstein et al., J. Am. Soc. Mass Spectrom. 2022",10.1021/jasms.2c00196,"SI_3 sheet S2_Interplatform CCS Database, line 38",12,,academic_only,
small_molecule,epitestosterone sulfate,"Feuerstein et al., J. Am. Soc. Mass Spectrom. 2022",academic_only,,,steroid_jasms2022:4-androstene-17α-ol-3-one sulfate,,,,,,,,,,,,,,,,,,,,,,,,,,,,,,,,,,,,192.293,0.0680686,sd,,,[M+H]+,1,positive,TIMS,,N2,Agilent ESI-L tune mix (G1969-85000),,"timsTOF Pro, TIMCCSN2 calibrated via a linear function","Feuerstein et al., J. Am. Soc. Mass Spectrom. 2022",10.1021/jasms.2c00196,"SI_3 sheet S2_Interplatform CCS Database, line 38",,,academic_only,
small_molecule,epitestosterone sulfate,"Feuerstein et al., J. Am. Soc. Mass Spectrom. 2022",academic_only,,,steroid_jasms2022:4-androstene-17α-ol-3-one sulfate,,,,,,,,,,,,,,,,,,,,,,,,,,,,,,,,,,,,192.54,0.05,sd,,,[M+H]+,1,positive,DTIMS,single_field,N2,Agilent ESI-L tune mix (G1969-85000),,"Agilent DTIM-MS, single-field calibration, 4-bit","Feuerstein et al., J. Am. Soc. Mass Spectrom. 2022",10.1021/jasms.2c00196,"SI_3 sheet S2_Interplatform CCS Database, line 38",3,,academic_only,
small_molecule,epitestosterone sulfate,"Feuerstein et al., J. Am. Soc. Mass Spectrom. 2022",academic_only,,,steroid_jasms2022:4-androstene-17α-ol-3-one sulfate,,,,,,,,,,,,,,,,,,,,,,,,,,,,,,,,,,,,192.619,1.18988,sd,,,[M-H]-,-1,negative,TWIMS,,N2,Waters Major Mix,,"four Waters TWIM-MS systems (2x Synapt G2-S/G2-Si, 2x Vion), interlaboratory average, republished from doi:10.1021/acs.analchem.9b05247","Feuerstein et al., J. Am. Soc. Mass Spectrom. 2022",10.1021/jasms.2c00196,"SI_3 sheet S2_Interplatform CCS Database, line 39",12,,academic_only,
small_molecule,epitestosterone sulfate,"Feuerstein et al., J. Am. Soc. Mass Spectrom. 2022",academic_only,,,steroid_jasms2022:4-androstene-17α-ol-3-one sulfate,,,,,,,,,,,,,,,,,,,,,,,,,,,,,,,,,,,,193.36,0.1772,sd,,,[M-H]-,-1,negative,TIMS,,N2,Agilent ESI-L tune mix (G1969-85000),,"timsTOF Pro, TIMCCSN2 calibrated via a linear function","Feuerstein et al., J. Am. Soc. Mass Spectrom. 2022",10.1021/jasms.2c00196,"SI_3 sheet S2_Interplatform CCS Database, line 39",,,academic_only,
small_molecule,epitestosterone sulfate,"Feuerstein et al., J. Am. Soc. Mass Spectrom. 2022",academic_only,,,steroid_jasms2022:4-androstene-17α-ol-3-one sulfate,,,,,,,,,,,,,,,,,,,,,,,,,,,,,,,,,,,,193.48,0.02,sd,,,[M-H]-,-1,negative,DTIMS,single_field,N2,Agilent ESI-L tune mix (G1969-85000),,"Agilent DTIM-MS, single-field calibration, 4-bit","Feuerstein et al., J. Am. Soc. Mass Spectrom. 2022",10.1021/jasms.2c00196,"SI_3 sheet S2_Interplatform CCS Database, line 39",3,,academic_only,
small_molecule,epitestosterone sulfate,"Feuerstein et al., J. Am. Soc. Mass Spectrom. 2022",academic_only,,,steroid_jasms2022:4-androstene-17α-ol-3-one sulfate,,,,,,,,,,,,,,,,,,,,,,,,,,,,,,,,,,,,194.47,,,,,[M-H]-,-1,negative,DTIMS,stepped_field,N2,,,"Agilent DTIM-MS, stepped-field method","Feuerstein et al., J. Am. Soc. Mass Spectrom. 2022",10.1021/jasms.2c00196,"SI_3 sheet S2_Interplatform CCS Database, line 39",1,,academic_only,
small_molecule,testosterone sulfate,"Feuerstein et al., J. Am. Soc. Mass Spectrom. 2022",academic_only,,,steroid_jasms2022:4-androstene-17β-ol-3-one sulfate,,,,,,,,,,,,,,,,,,,,,,,,,,,,,,,,,,,,188.815,1.48312,sd,,,[M+H]+,1,positive,TWIMS,,N2,Waters Major Mix,,"four Waters TWIM-MS systems (2x Synapt G2-S/G2-Si, 2x Vion), interlaboratory average, republished from doi:10.1021/acs.analchem.9b05247","Feuerstein et al., J. Am. Soc. Mass Spectrom. 2022",10.1021/jasms.2c00196,"SI_3 sheet S2_Interplatform CCS Database, line 40",12,,academic_only,
small_molecule,testosterone sulfate,"Feuerstein et al., J. Am. Soc. Mass Spectrom. 2022",academic_only,,,steroid_jasms2022:4-androstene-17β-ol-3-one sulfate,,,,,,,,,,,,,,,,,,,,,,,,,,,,,,,,,,,,191.68,0.12853,sd,,,[M+H]+,1,positive,TIMS,,N2,Agilent ESI-L tune mix (G1969-85000),,"timsTOF Pro, TIMCCSN2 calibrated via a linear function","Feuerstein et al., J. Am. Soc. Mass Spectrom. 2022",10.1021/jasms.2c00196,"SI_3 sheet S2_Interplatform CCS Database, line 40",,,academic_only,
small_molecule,testosterone sulfate,"Feuerstein et al., J. Am. Soc. Mass Spectrom. 2022",academic_only,,,steroid_jasms2022:4-androstene-17β-ol-3-one sulfate,,,,,,,,,,,,,,,,,,,,,,,,,,,,,,,,,,,,192.16,,,,,[M+H]+,1,positive,DTIMS,single_field,N2,Agilent ESI-L tune mix (G1969-85000),,"Agilent DTIM-MS, single-field calibration, 4-bit","Feuerstein et al., J. Am. Soc. Mass Spectrom. 2022",10.1021/jasms.2c00196,"SI_3 sheet S2_Interplatform CCS Database, line 40",3,,academic_only,
small_molecule,testosterone sulfate,"Feuerstein et al., J. Am. Soc. Mass Spectrom. 2022",academic_only,,,steroid_jasms2022:4-androstene-17β-ol-3-one sulfate,,,,,,,,,,,,,,,,,,,,,,,,,,,,,,,,,,,,191,1.15261,sd,,,[M-H]-,-1,negative,TWIMS,,N2,Waters Major Mix,,"four Waters TWIM-MS systems (2x Synapt G2-S/G2-Si, 2x Vion), interlaboratory average, republished from doi:10.1021/acs.analchem.9b05247","Feuerstein et al., J. Am. Soc. Mass Spectrom. 2022",10.1021/jasms.2c00196,"SI_3 sheet S2_Interplatform CCS Database, line 41",12,,academic_only,
small_molecule,testosterone sulfate,"Feuerstein et al., J. Am. Soc. Mass Spectrom. 2022",academic_only,,,steroid_jasms2022:4-androstene-17β-ol-3-one sulfate,,,,,,,,,,,,,,,,,,,,,,,,,,,,,,,,,,,,191.767,0.372872,sd,,,[M-H]-,-1,negative,TIMS,,N2,Agilent ESI-L tune mix (G1969-85000),,"timsTOF Pro, TIMCCSN2 calibrated via a linear function","Feuerstein et al., J. Am. Soc. Mass Spectrom. 2022",10.1021/jasms.2c00196,"SI_3 sheet S2_Interplatform CCS Database, line 41",,,academic_only,
small_molecule,testosterone sulfate,"Feuerstein et al., J. Am. Soc. Mass Spectrom. 2022",academic_only,,,steroid_jasms2022:4-androstene-17β-ol-3-one sulfate,,,,,,,,,,,,,,,,,,,,,,,,,,,,,,,,,,,,192.34,0.05,sd,,,[M-H]-,-1,negative,DTIMS,single_field,N2,Agilent ESI-L tune mix (G1969-85000),,"Agilent DTIM-MS, single-field calibration, 4-bit","Feuerstein et al., J. Am. Soc. Mass Spectrom. 2022",10.1021/jasms.2c00196,"SI_3 sheet S2_Interplatform CCS Database, line 41",3,,academic_only,
small_molecule,testosterone sulfate,"Feuerstein et al., J. Am. Soc. Mass Spectrom. 2022",academic_only,,,steroid_jasms2022:4-androstene-17β-ol-3-one sulfate,,,,,,,,,,,,,,,,,,,,,,,,,,,,,,,,,,,,193.43,,,,,[M-H]-,-1,negative,DTIMS,stepped_field,N2,,,"Agilent DTIM-MS, stepped-field method","Feuerstein et al., J. Am. Soc. Mass Spectrom. 2022",10.1021/jasms.2c00196,"SI_3 sheet S2_Interplatform CCS Database, line 41",1,,academic_only,
small_molecule,stanolone / dihydrotestosterone,"Feuerstein et al., J. Am. Soc. Mass Spectrom. 2022",academic_only,,,steroid_jasms2022:5α-androstane-17β-ol-3-one,,,,,,,,,,,,,,,,,,,,,,,,,,,,,,,,,,,,176.582,1.37691,sd,,,[M+H]+,1,positive,TWIMS,,N2,Waters Major Mix,,"four Waters TWIM-MS systems (2x Synapt G2-S/G2-Si, 2x Vion), interlaboratory average, republished from doi:10.1021/acs.analchem.9b05247","Feuerstein et al., J. Am. Soc. Mass Spectrom. 2022",10.1021/jasms.2c00196,"SI_3 sheet S2_Interplatform CCS Database, line 42",12,,academic_only,
small_molecule,stanolone / dihydrotestosterone,"Feuerstein et al., J. Am. Soc. Mass Spectrom. 2022",academic_only,,,steroid_jasms2022:5α-androstane-17β-ol-3-one,,,,,,,,,,,,,,,,,,,,,,,,,,,,,,,,,,,,177.72,0.210079,sd,,,[M+H]+,1,positive,TIMS,,N2,Agilent ESI-L tune mix (G1969-85000),,"timsTOF Pro, TIMCCSN2 calibrated via a linear function","Feuerstein et al., J. Am. Soc. Mass Spectrom. 2022",10.1021/jasms.2c00196,"SI_3 sheet S2_Interplatform CCS Database, line 42",,,academic_only,
small_molecule,stanolone / dihydrotestosterone,"Feuerstein et al., J. Am. Soc. Mass Spectrom. 2022",academic_only,,,steroid_jasms2022:5α-androstane-17β-ol-3-one,,,,,,,,,,,,,,,,,,,,,,,,,,,,,,,,,,,,181.12,0.06,sd,,,[M+H]+,1,positive,DTIMS,single_field,N2,Agilent ESI-L tune mix (G1969-85000),,"Agilent DTIM-MS, single-field calibration, 4-bit","Feuerstein et al., J. Am. Soc. Mass Spectrom. 2022",10.1021/jasms.2c00196,"SI_3 sheet S2_Interplatform CCS Database, line 42",3,,academic_only,
small_molecule,stanolone / dihydrotestosterone,"Feuerstein et al., J. Am. Soc. Mass Spectrom. 2022",academic_only,,,steroid_jasms2022:5α-androstane-17β-ol-3-one,,,,,,,,,,,,,,,,,,,,,,,,,,,,,,,,,,,,180.833,0.51316,sd,,,[M+H]+,1,positive,DTIMS,stepped_field,N2,,,"Agilent DTIM-MS, stepped-field method","Feuerstein et al., J. Am. Soc. Mass Spectrom. 2022",10.1021/jasms.2c00196,"SI_3 sheet S2_Interplatform CCS Database, line 42",3,,academic_only,
small_molecule,androsterone sulfate,"Feuerstein et al., J. Am. Soc. Mass Spectrom. 2022",academic_only,,,steroid_jasms2022:5α-androstane-3α-ol-17-one sulfate,,,,,,,,,,,,,,,,,,,,,,,,,,,,,,,,,,,,195.374,1.17625,sd,,,[M-H]-,-1,negative,TWIMS,,N2,Waters Major Mix,,"four Waters TWIM-MS systems (2x Synapt G2-S/G2-Si, 2x Vion), interlaboratory average, republished from doi:10.1021/acs.analchem.9b05247","Feuerstein et al., J. Am. Soc. Mass Spectrom. 2022",10.1021/jasms.2c00196,"SI_3 sheet S2_Interplatform CCS Database, line 43",12,,academic_only,
small_molecule,androsterone sulfate,"Feuerstein et al., J. Am. Soc. Mass Spectrom. 2022",academic_only,,,steroid_jasms2022:5α-androstane-3α-ol-17-one sulfate,,,,,,,,,,,,,,,,,,,,,,,,,,,,,,,,,,,,195.95,0.176918,sd,,,[M-H]-,-1,negative,TIMS,,N2,Agilent ESI-L tune mix (G1969-85000),,"timsTOF Pro, TIMCCSN2 calibrated via a linear function","Feuerstein et al., J. Am. Soc. Mass Spectrom. 2022",10.1021/jasms.2c00196,"SI_3 sheet S2_Interplatform CCS Database, line 43",,,academic_only,
small_molecule,androsterone sulfate,"Feuerstein et al., J. Am. Soc. Mass Spectrom. 2022",academic_only,,,steroid_jasms2022:5α-androstane-3α-ol-17-one sulfate,,,,,,,,,,,,,,,,,,,,,,,,,,,,,,,,,,,,196.75,0.05,sd,,,[M-H]-,-1,negative,DTIMS,single_field,N2,Agilent ESI-L tune mix (G1969-85000),,"Agilent DTIM-MS, single-field calibration, 4-bit","Feuerstein et al., J. Am. Soc. Mass Spectrom. 2022",10.1021/jasms.2c00196,"SI_3 sheet S2_Interplatform CCS Database, line 43",3,,academic_only,
small_molecule,androsterone sulfate,"Feuerstein et al., J. Am. Soc. Mass Spectrom. 2022",academic_only,,,steroid_jasms2022:5α-androstane-3α-ol-17-one sulfate,,,,,,,,,,,,,,,,,,,,,,,,,,,,,,,,,,,,196.87,,,,,[M-H]-,-1,negative,DTIMS,stepped_field,N2,,,"Agilent DTIM-MS, stepped-field method","Feuerstein et al., J. Am. Soc. Mass Spectrom. 2022",10.1021/jasms.2c00196,"SI_3 sheet S2_Interplatform CCS Database, line 43",1,,academic_only,
small_molecule,epiandrosterone sulfate,"Feuerstein et al., J. Am. Soc. Mass Spectrom. 2022",academic_only,,,steroid_jasms2022:5α-androstane-3β-ol-17-one sulfate,,,,,,,,,,,,,,,,,,,,,,,,,,,,,,,,,,,,196.341,1.27122,sd,,,[M-H]-,-1,negative,TWIMS,,N2,Waters Major Mix,,"four Waters TWIM-MS systems (2x Synapt G2-S/G2-Si, 2x Vion), interlaboratory average, republished from doi:10.1021/acs.analchem.9b05247","Feuerstein et al., J. Am. Soc. Mass Spectrom. 2022",10.1021/jasms.2c00196,"SI_3 sheet S2_Interplatform CCS Database, line 44",12,,academic_only,
small_molecule,epiandrosterone sulfate,"Feuerstein et al., J. Am. Soc. Mass Spectrom. 2022",academic_only,,,steroid_jasms2022:5α-androstane-3β-ol-17-one sulfate,,,,,,,,,,,,,,,,,,,,,,,,,,,,,,,,,,,,197.333,0.057735,sd,,,[M-H]-,-1,negative,TIMS,,N2,Agilent ESI-L tune mix (G1969-85000),,"timsTOF Pro, TIMCCSN2 calibrated via a linear function","Feuerstein et al., J. Am. Soc. Mass Spectrom. 2022",10.1021/jasms.2c00196,"SI_3 sheet S2_Interplatform CCS Database, line 44",,,academic_only,
small_molecule,epiandrosterone sulfate,"Feuerstein et al., J. Am. Soc. Mass Spectrom. 2022",academic_only,,,steroid_jasms2022:5α-androstane-3β-ol-17-one sulfate,,,,,,,,,,,,,,,,,,,,,,,,,,,,,,,,,,,,197.73,0.01,sd,,,[M-H]-,-1,negative,DTIMS,single_field,N2,Agilent ESI-L tune mix (G1969-85000),,"Agilent DTIM-MS, single-field calibration, 4-bit","Feuerstein et al., J. Am. Soc. Mass Spectrom. 2022",10.1021/jasms.2c00196,"SI_3 sheet S2_Interplatform CCS Database, line 44",3,,academic_only,
small_molecule,epiandrosterone sulfate,"Feuerstein et al., J. Am. Soc. Mass Spectrom. 2022",academic_only,,,steroid_jasms2022:5α-androstane-3β-ol-17-one sulfate,,,,,,,,,,,,,,,,,,,,,,,,,,,,,,,,,,,,198.85,,,,,[M-H]-,-1,negative,DTIMS,stepped_field,N2,,,"Agilent DTIM-MS, stepped-field method","Feuerstein et al., J. Am. Soc. Mass Spectrom. 2022",10.1021/jasms.2c00196,"SI_3 sheet S2_Interplatform CCS Database, line 44",1,,academic_only,
small_molecule,trenbolone acetate,"Feuerstein et al., J. Am. Soc. Mass Spectrom. 2022",academic_only,,,"steroid_jasms2022:4,9,11-estratriene-17β-ol-3-one acetate",,,,,,,,,,,,,,,,,,,,,,,,,,,,,,,,,,,,176.923,1.42593,sd,,,[M+H]+,1,positive,TWIMS,,N2,Waters Major Mix,,"four Waters TWIM-MS systems (2x Synapt G2-S/G2-Si, 2x Vion), interlaboratory average, republished from doi:10.1021/acs.analchem.9b05247","Feuerstein et al., J. Am. Soc. Mass Spectrom. 2022",10.1021/jasms.2c00196,"SI_3 sheet S2_Interplatform CCS Database, line 45",12,,academic_only,
small_molecule,trenbolone acetate,"Feuerstein et al., J. Am. Soc. Mass Spectrom. 2022",academic_only,,,"steroid_jasms2022:4,9,11-estratriene-17β-ol-3-one acetate",,,,,,,,,,,,,,,,,,,,,,,,,,,,,,,,,,,,177.723,0.141892,sd,,,[M+H]+,1,positive,TIMS,,N2,Agilent ESI-L tune mix (G1969-85000),,"timsTOF Pro, TIMCCSN2 calibrated via a linear function","Feuerstein et al., J. Am. Soc. Mass Spectrom. 2022",10.1021/jasms.2c00196,"SI_3 sheet S2_Interplatform CCS Database, line 45",,,academic_only,
small_molecule,trenbolone acetate,"Feuerstein et al., J. Am. Soc. Mass Spectrom. 2022",academic_only,,,"steroid_jasms2022:4,9,11-estratriene-17β-ol-3-one acetate",,,,,,,,,,,,,,,,,,,,,,,,,,,,,,,,,,,,178.56,0.05,sd,,,[M+H]+,1,positive,DTIMS,single_field,N2,Agilent ESI-L tune mix (G1969-85000),,"Agilent DTIM-MS, single-field calibration, 4-bit","Feuerstein et al., J. Am. Soc. Mass Spectrom. 2022",10.1021/jasms.2c00196,"SI_3 sheet S2_Interplatform CCS Database, line 45",3,,academic_only,
small_molecule,trenbolone acetate,"Feuerstein et al., J. Am. Soc. Mass Spectrom. 2022",academic_only,,,"steroid_jasms2022:4,9,11-estratriene-17β-ol-3-one acetate",,,,,,,,,,,,,,,,,,,,,,,,,,,,,,,,,,,,177.633,1.0116,sd,,,[M+H]+,1,positive,DTIMS,stepped_field,N2,,,"Agilent DTIM-MS, stepped-field method","Feuerstein et al., J. Am. Soc. Mass Spectrom. 2022",10.1021/jasms.2c00196,"SI_3 sheet S2_Interplatform CCS Database, line 45",3,,academic_only,
small_molecule,trenbolone acetate,"Feuerstein et al., J. Am. Soc. Mass Spectrom. 2022",academic_only,,,"steroid_jasms2022:4,9,11-estratriene-17β-ol-3-one acetate",,,,,,,,,,,,,,,,,,,,,,,,,,,,,,,,,,,,205.143,0.920864,sd,,,[M+Na]+,1,positive,TWIMS,,N2,Waters Major Mix,,"four Waters TWIM-MS systems (2x Synapt G2-S/G2-Si, 2x Vion), interlaboratory average, republished from doi:10.1021/acs.analchem.9b05247","Feuerstein et al., J. Am. Soc. Mass Spectrom. 2022",10.1021/jasms.2c00196,"SI_3 sheet S2_Interplatform CCS Database, line 46",12,,academic_only,
small_molecule,trenbolone acetate,"Feuerstein et al., J. Am. Soc. Mass Spectrom. 2022",academic_only,,,"steroid_jasms2022:4,9,11-estratriene-17β-ol-3-one acetate",,,,,,,,,,,,,,,,,,,,,,,,,,,,,,,,,,,,206.257,0.15695,sd,,,[M+Na]+,1,positive,TIMS,,N2,Agilent ESI-L tune mix (G1969-85000),,"timsTOF Pro, TIMCCSN2 calibrated via a linear function","Feuerstein et al., J. Am. Soc. Mass Spectrom. 2022",10.1021/jasms.2c00196,"SI_3 sheet S2_Interplatform CCS Database, line 46",,,academic_only,
small_molecule,trenbolone acetate,"Feuerstein et al., J. Am. Soc. Mass Spectrom. 2022",academic_only,,,"steroid_jasms2022:4,9,11-estratriene-17β-ol-3-one acetate",,,,,,,,,,,,,,,,,,,,,,,,,,,,,,,,,,,,205.31,0.02,sd,,,[M+Na]+,1,positive,DTIMS,single_field,N2,Agilent ESI-L tune mix (G1969-85000),,"Agilent DTIM-MS, single-field calibration, 4-bit","Feuerstein et al., J. Am. Soc. Mass Spectrom. 2022",10.1021/jasms.2c00196,"SI_3 sheet S2_Interplatform CCS Database, line 46",3,,academic_only,
small_molecule,trenbolone acetate,"Feuerstein et al., J. Am. Soc. Mass Spectrom. 2022",academic_only,,,"steroid_jasms2022:4,9,11-estratriene-17β-ol-3-one acetate",,,,,,,,,,,,,,,,,,,,,,,,,,,,,,,,,,,,204.933,0.152753,sd,,,[M+Na]+,1,positive,DTIMS,stepped_field,N2,,,"Agilent DTIM-MS, stepped-field method","Feuerstein et al., J. Am. Soc. Mass Spectrom. 2022",10.1021/jasms.2c00196,"SI_3 sheet S2_Interplatform CCS Database, line 46",3,,academic_only,
small_molecule,norethindrone/norethisterone,"Feuerstein et al., J. Am. Soc. Mass Spectrom. 2022",academic_only,,,steroid_jasms2022:4-estrene-17α-ethinyl-17β-ol-3-one,,,,,,,,,,,,,,,,,,,,,,,,,,,,,,,,,,,,175.425,1.45836,sd,,,[M+H]+,1,positive,TWIMS,,N2,Waters Major Mix,,"four Waters TWIM-MS systems (2x Synapt G2-S/G2-Si, 2x Vion), interlaboratory average, republished from doi:10.1021/acs.analchem.9b05247","Feuerstein et al., J. Am. Soc. Mass Spectrom. 2022",10.1021/jasms.2c00196,"SI_3 sheet S2_Interplatform CCS Database, line 47",12,,academic_only,
small_molecule,norethindrone/norethisterone,"Feuerstein et al., J. Am. Soc. Mass Spectrom. 2022",academic_only,,,steroid_jasms2022:4-estrene-17α-ethinyl-17β-ol-3-one,,,,,,,,,,,,,,,,,,,,,,,,,,,,,,,,,,,,177.483,0.0814453,sd,,,[M+H]+,1,positive,TIMS,,N2,Agilent ESI-L tune mix (G1969-85000),,"timsTOF Pro, TIMCCSN2 calibrated via a linear function","Feuerstein et al., J. Am. Soc. Mass Spectrom. 2022",10.1021/jasms.2c00196,"SI_3 sheet S2_Interplatform CCS Database, line 47",,,academic_only,
small_molecule,norethindrone/norethisterone,"Feuerstein et al., J. Am. Soc. Mass Spectrom. 2022",academic_only,,,steroid_jasms2022:4-estrene-17α-ethinyl-17β-ol-3-one,,,,,,,,,,,,,,,,,,,,,,,,,,,,,,,,,,,,177.76,0.02,sd,,,[M+H]+,1,positive,DTIMS,single_field,N2,Agilent ESI-L tune mix (G1969-85000),,"Agilent DTIM-MS, single-field calibration, 4-bit","Feuerstein et al., J. Am. Soc. Mass Spectrom. 2022",10.1021/jasms.2c00196,"SI_3 sheet S2_Interplatform CCS Database, line 47",3,,academic_only,
small_molecule,norethindrone/norethisterone,"Feuerstein et al., J. Am. Soc. Mass Spectrom. 2022",academic_only,,,steroid_jasms2022:4-estrene-17α-ethinyl-17β-ol-3-one,,,,,,,,,,,,,,,,,,,,,,,,,,,,,,,,,,,,176.627,0.0665833,sd,,,[M+H]+,1,positive,DTIMS,stepped_field,N2,,,"Agilent DTIM-MS, stepped-field method","Feuerstein et al., J. Am. Soc. Mass Spectrom. 2022",10.1021/jasms.2c00196,"SI_3 sheet S2_Interplatform CCS Database, line 47",3,,academic_only,
small_molecule,oral turinabol,"Feuerstein et al., J. Am. Soc. Mass Spectrom. 2022",academic_only,,,"steroid_jasms2022:1,4-androstadiene-4-chloro-17α-methyl-17β-ol-3-one",,,,,,,,,,,,,,,,,,,,,,,,,,,,,,,,,,,,198.665,0.845442,sd,,,[M+Na]+,1,positive,TWIMS,,N2,Waters Major Mix,,"four Waters TWIM-MS systems (2x Synapt G2-S/G2-Si, 2x Vion), interlaboratory average, republished from doi:10.1021/acs.analchem.9b05247","Feuerstein et al., J. Am. Soc. Mass Spectrom. 2022",10.1021/jasms.2c00196,"SI_3 sheet S2_Interplatform CCS Database, line 48",12,,academic_only,
small_molecule,oral turinabol,"Feuerstein et al., J. Am. Soc. Mass Spectrom. 2022",academic_only,,,"steroid_jasms2022:1,4-androstadiene-4-chloro-17α-methyl-17β-ol-3-one",,,,,,,,,,,,,,,,,,,,,,,,,,,,,,,,,,,,200.41,0.226495,sd,,,[M+Na]+,1,positive,TIMS,,N2,Agilent ESI-L tune mix (G1969-85000),,"timsTOF Pro, TIMCCSN2 calibrated via a linear function","Feuerstein et al., J. Am. Soc. Mass Spectrom. 2022",10.1021/jasms.2c00196,"SI_3 sheet S2_Interplatform CCS Database, line 48",,,academic_only,
small_molecule,oral turinabol,"Feuerstein et al., J. Am. Soc. Mass Spectrom. 2022",academic_only,,,"steroid_jasms2022:1,4-androstadiene-4-chloro-17α-methyl-17β-ol-3-one",,,,,,,,,,,,,,,,,,,,,,,,,,,,,,,,,,,,199.5,0.01,sd,,,[M+Na]+,1,positive,DTIMS,single_field,N2,Agilent ESI-L tune mix (G1969-85000),,"Agilent DTIM-MS, single-field calibration, 4-bit","Feuerstein et al., J. Am. Soc. Mass Spectrom. 2022",10.1021/jasms.2c00196,"SI_3 sheet S2_Interplatform CCS Database, line 48",3,,academic_only,
small_molecule,oral turinabol,"Feuerstein et al., J. Am. Soc. Mass Spectrom. 2022",academic_only,,,"steroid_jasms2022:1,4-androstadiene-4-chloro-17α-methyl-17β-ol-3-one",,,,,,,,,,,,,,,,,,,,,,,,,,,,,,,,,,,,199.167,0.11547,sd,,,[M+Na]+,1,positive,DTIMS,stepped_field,N2,,,"Agilent DTIM-MS, stepped-field method","Feuerstein et al., J. Am. Soc. Mass Spectrom. 2022",10.1021/jasms.2c00196,"SI_3 sheet S2_Interplatform CCS Database, line 48",3,,academic_only,
small_molecule,dianabol,"Feuerstein et al., J. Am. Soc. Mass Spectrom. 2022",academic_only,,,"steroid_jasms2022:1,4-androstadiene-17α-methyl-17β-ol-3-one",,,,,,,,,,,,,,,,,,,,,,,,,,,,,,,,,,,,174.862,1.68498,sd,,,[M+H]+,1,positive,TWIMS,,N2,Waters Major Mix,,"four Waters TWIM-MS systems (2x Synapt G2-S/G2-Si, 2x Vion), interlaboratory average, republished from doi:10.1021/acs.analchem.9b05247","Feuerstein et al., J. Am. Soc. Mass Spectrom. 2022",10.1021/jasms.2c00196,"SI_3 sheet S2_Interplatform CCS Database, line 49",12,,academic_only,
small_molecule,dianabol,"Feuerstein et al., J. Am. Soc. Mass Spectrom. 2022",academic_only,,,"steroid_jasms2022:1,4-androstadiene-17α-methyl-17β-ol-3-one",,,,,,,,,,,,,,,,,,,,,,,,,,,,,,,,,,,,176.06,0.134536,sd,,,[M+H]+,1,positive,TIMS,,N2,Agilent ESI-L tune mix (G1969-85000),,"timsTOF Pro, TIMCCSN2 calibrated via a linear function","Feuerstein et al., J. Am. Soc. Mass Spectrom. 2022",10.1021/jasms.2c00196,"SI_3 sheet S2_Interplatform CCS Database, line 49",,,academic_only,
small_molecule,dianabol,"Feuerstein et al., J. Am. Soc. Mass Spectrom. 2022",academic_only,,,"steroid_jasms2022:1,4-androstadiene-17α-methyl-17β-ol-3-one",,,,,,,,,,,,,,,,,,,,,,,,,,,,,,,,,,,,175.71,0.03,sd,,,[M+H]+,1,positive,DTIMS,single_field,N2,Agilent ESI-L tune mix (G1969-85000),,"Agilent DTIM-MS, single-field calibration, 4-bit","Feuerstein et al., J. Am. Soc. Mass Spectrom. 2022",10.1021/jasms.2c00196,"SI_3 sheet S2_Interplatform CCS Database, line 49",3,,academic_only,
small_molecule,dianabol,"Feuerstein et al., J. Am. Soc. Mass Spectrom. 2022",academic_only,,,"steroid_jasms2022:1,4-androstadiene-17α-methyl-17β-ol-3-one",,,,,,,,,,,,,,,,,,,,,,,,,,,,,,,,,,,,174.993,0.378065,sd,,,[M+H]+,1,positive,DTIMS,stepped_field,N2,,,"Agilent DTIM-MS, stepped-field method","Feuerstein et al., J. Am. Soc. Mass Spectrom. 2022",10.1021/jasms.2c00196,"SI_3 sheet S2_Interplatform CCS Database, line 49",3,,academic_only,
small_molecule,dianabol,"Feuerstein et al., J. Am. Soc. Mass Spectrom. 2022",academic_only,,,"steroid_jasms2022:1,4-androstadiene-17α-methyl-17β-ol-3-one",,,,,,,,,,,,,,,,,,,,,,,,,,,,,,,,,,,,200.165,0.719672,sd,,,[M+Na]+,1,positive,TWIMS,,N2,Waters Major Mix,,"four Waters TWIM-MS systems (2x Synapt G2-S/G2-Si, 2x Vion), interlaboratory average, republished from doi:10.1021/acs.analchem.9b05247","Feuerstein et al., J. Am. Soc. Mass Spectrom. 2022",10.1021/jasms.2c00196,"SI_3 sheet S2_Interplatform CCS Database, line 50",12,,academic_only,
small_molecule,dianabol,"Feuerstein et al., J. Am. Soc. Mass Spectrom. 2022",academic_only,,,"steroid_jasms2022:1,4-androstadiene-17α-methyl-17β-ol-3-one",,,,,,,,,,,,,,,,,,,,,,,,,,,,,,,,,,,,201.357,0.0288675,sd,,,[M+Na]+,1,positive,TIMS,,N2,Agilent ESI-L tune mix (G1969-85000),,"timsTOF Pro, TIMCCSN2 calibrated via a linear function","Feuerstein et al., J. Am. Soc. Mass Spectrom. 2022",10.1021/jasms.2c00196,"SI_3 sheet S2_Interplatform CCS Database, line 50",,,academic_only,
small_molecule,dianabol,"Feuerstein et al., J. Am. Soc. Mass Spectrom. 2022",academic_only,,,"steroid_jasms2022:1,4-androstadiene-17α-methyl-17β-ol-3-one",,,,,,,,,,,,,,,,,,,,,,,,,,,,,,,,,,,,200.08,0.01,sd,,,[M+Na]+,1,positive,DTIMS,single_field,N2,Agilent ESI-L tune mix (G1969-85000),,"Agilent DTIM-MS, single-field calibration, 4-bit","Feuerstein et al., J. Am. Soc. Mass Spectrom. 2022",10.1021/jasms.2c00196,"SI_3 sheet S2_Interplatform CCS Database, line 50",3,,academic_only,
small_molecule,dianabol,"Feuerstein et al., J. Am. Soc. Mass Spectrom. 2022",academic_only,,,"steroid_jasms2022:1,4-androstadiene-17α-methyl-17β-ol-3-one",,,,,,,,,,,,,,,,,,,,,,,,,,,,,,,,,,,,199.82,0.25632,sd,,,[M+Na]+,1,positive,DTIMS,stepped_field,N2,,,"Agilent DTIM-MS, stepped-field method","Feuerstein et al., J. Am. Soc. Mass Spectrom. 2022",10.1021/jasms.2c00196,"SI_3 sheet S2_Interplatform CCS Database, line 50",3,,academic_only,
small_molecule,methyl-chlorotestosterone,"Feuerstein et al., J. Am. Soc. Mass Spectrom. 2022",academic_only,,,steroid_jasms2022:4-androstene-4-chloro-17α-methyl-17β-ol-3-one,,,,,,,,,,,,,,,,,,,,,,,,,,,,,,,,,,,,179.45,1.53414,sd,,,[M+H]+,1,positive,TWIMS,,N2,Waters Major Mix,,"four Waters TWIM-MS systems (2x Synapt G2-S/G2-Si, 2x Vion), interlaboratory average, republished from doi:10.1021/acs.analchem.9b05247","Feuerstein et al., J. Am. Soc. Mass Spectrom. 2022",10.1021/jasms.2c00196,"SI_3 sheet S2_Interplatform CCS Database, line 51",12,,academic_only,
small_molecule,methyl-chlorotestosterone,"Feuerstein et al., J. Am. Soc. Mass Spectrom. 2022",academic_only,,,steroid_jasms2022:4-androstene-4-chloro-17α-methyl-17β-ol-3-one,,,,,,,,,,,,,,,,,,,,,,,,,,,,,,,,,,,,180.695,0.183603,sd,,,[M+H]+,1,positive,TIMS,,N2,Agilent ESI-L tune mix (G1969-85000),,"timsTOF Pro, TIMCCSN2 calibrated via a linear function","Feuerstein et al., J. Am. Soc. Mass Spectrom. 2022",10.1021/jasms.2c00196,"SI_3 sheet S2_Interplatform CCS Database, line 51",,,academic_only,
small_molecule,methyl-chlorotestosterone,"Feuerstein et al., J. Am. Soc. Mass Spectrom. 2022",academic_only,,,steroid_jasms2022:4-androstene-4-chloro-17α-methyl-17β-ol-3-one,,,,,,,,,,,,,,,,,,,,,,,,,,,,,,,,,,,,180.2,0.01,sd,,,[M+H]+,1,positive,DTIMS,single_field,N2,Agilent ESI-L tune mix (G1969-85000),,"Agilent DTIM-MS, single-field calibration, 4-bit","Feuerstein et al., J. Am. Soc. Mass Spectrom. 2022",10.1021/jasms.2c00196,"SI_3 sheet S2_Interplatform CCS Database, line 51",3,,academic_only,
small_molecule,methyl-chlorotestosterone,"Feuerstein et al., J. Am. Soc. Mass Spectrom. 2022",academic_only,,,steroid_jasms2022:4-androstene-4-chloro-17α-methyl-17β-ol-3-one,,,,,,,,,,,,,,,,,,,,,,,,,,,,,,,,,,,,179.4,0.173205,sd,,,[M+H]+,1,positive,DTIMS,stepped_field,N2,,,"Agilent DTIM-MS, stepped-field method","Feuerstein et al., J. Am. Soc. Mass Spectrom. 2022",10.1021/jasms.2c00196,"SI_3 sheet S2_Interplatform CCS Database, line 51",3,,academic_only,
small_molecule,methyl-chlorotestosterone,"Feuerstein et al., J. Am. Soc. Mass Spectrom. 2022",academic_only,,,steroid_jasms2022:4-androstene-4-chloro-17α-methyl-17β-ol-3-one,,,,,,,,,,,,,,,,,,,,,,,,,,,,,,,,,,,,200.698,1.09001,sd,,,[M+Na]+,1,positive,TWIMS,,N2,Waters Major Mix,,"four Waters TWIM-MS systems (2x Synapt G2-S/G2-Si, 2x Vion), interlaboratory average, republished from doi:10.1021/acs.analchem.9b05247","Feuerstein et al., J. Am. Soc. Mass Spectrom. 2022",10.1021/jasms.2c00196,"SI_3 sheet S2_Interplatform CCS Database, line 52",12,,academic_only,
small_molecule,methyl-chlorotestosterone,"Feuerstein et al., J. Am. Soc. Mass Spectrom. 2022",academic_only,,,steroid_jasms2022:4-androstene-4-chloro-17α-methyl-17β-ol-3-one,,,,,,,,,,,,,,,,,,,,,,,,,,,,,,,,,,,,202.515,0.357421,sd,,,[M+Na]+,1,positive,TIMS,,N2,Agilent ESI-L tune mix (G1969-85000),,"timsTOF Pro, TIMCCSN2 calibrated via a linear function","Feuerstein et al., J. Am. Soc. Mass Spectrom. 2022",10.1021/jasms.2c00196,"SI_3 sheet S2_Interplatform CCS Database, line 52",,,academic_only,
small_molecule,methyl-chlorotestosterone,"Feuerstein et al., J. Am. Soc. Mass Spectrom. 2022",academic_only,,,steroid_jasms2022:4-androstene-4-chloro-17α-methyl-17β-ol-3-one,,,,,,,,,,,,,,,,,,,,,,,,,,,,,,,,,,,,201.36,0.01,sd,,,[M+Na]+,1,positive,DTIMS,single_field,N2,Agilent ESI-L tune mix (G1969-85000),,"Agilent DTIM-MS, single-field calibration, 4-bit","Feuerstein et al., J. Am. Soc. Mass Spectrom. 2022",10.1021/jasms.2c00196,"SI_3 sheet S2_Interplatform CCS Database, line 52",3,,academic_only,
small_molecule,methyl-chlorotestosterone,"Feuerstein et al., J. Am. Soc. Mass Spectrom. 2022",academic_only,,,steroid_jasms2022:4-androstene-4-chloro-17α-methyl-17β-ol-3-one,,,,,,,,,,,,,,,,,,,,,,,,,,,,,,,,,,,,200.847,0.10504,sd,,,[M+Na]+,1,positive,DTIMS,stepped_field,N2,,,"Agilent DTIM-MS, stepped-field method","Feuerstein et al., J. Am. Soc. Mass Spectrom. 2022",10.1021/jasms.2c00196,"SI_3 sheet S2_Interplatform CCS Database, line 52",3,,academic_only,
small_molecule,fluoxymesterone,"Feuerstein et al., J. Am. Soc. Mass Spectrom. 2022",academic_only,,,steroid_jasms2022:4-androstene-9α-fluoro-11β-ol-17α-methyl-17β-ol-3-one,,,,,,,,,,,,,,,,,,,,,,,,,,,,,,,,,,,,177.473,1.61803,sd,,,[M+H]+,1,positive,TWIMS,,N2,Waters Major Mix,,"four Waters TWIM-MS systems (2x Synapt G2-S/G2-Si, 2x Vion), interlaboratory average, republished from doi:10.1021/acs.analchem.9b05247","Feuerstein et al., J. Am. Soc. Mass Spectrom. 2022",10.1021/jasms.2c00196,"SI_3 sheet S2_Interplatform CCS Database, line 53",12,,academic_only,
small_molecule,fluoxymesterone,"Feuerstein et al., J. Am. Soc. Mass Spectrom. 2022",academic_only,,,steroid_jasms2022:4-androstene-9α-fluoro-11β-ol-17α-methyl-17β-ol-3-one,,,,,,,,,,,,,,,,,,,,,,,,,,,,,,,,,,,,179.192,0.217332,sd,,,[M+H]+,1,positive,TIMS,,N2,Agilent ESI-L tune mix (G1969-85000),,"timsTOF Pro, TIMCCSN2 calibrated via a linear function","Feuerstein et al., J. Am. Soc. Mass Spectrom. 2022",10.1021/jasms.2c00196,"SI_3 sheet S2_Interplatform CCS Database, line 53",,,academic_only,
small_molecule,fluoxymesterone,"Feuerstein et al., J. Am. Soc. Mass Spectrom. 2022",academic_only,,,steroid_jasms2022:4-androstene-9α-fluoro-11β-ol-17α-methyl-17β-ol-3-one,,,,,,,,,,,,,,,,,,,,,,,,,,,,,,,,,,,,179.33,0.02,sd,,,[M+H]+,1,positive,DTIMS,single_field,N2,Agilent ESI-L tune mix (G1969-85000),,"Agilent DTIM-MS, single-field calibration, 4-bit","Feuerstein et al., J. Am. Soc. Mass Spectrom. 2022",10.1021/jasms.2c00196,"SI_3 sheet S2_Interplatform CCS Database, line 53",3,,academic_only,
small_molecule,fluoxymesterone,"Feuerstein et al., J. Am. Soc. Mass Spectrom. 2022",academic_only,,,steroid_jasms2022:4-androstene-9α-fluoro-11β-ol-17α-methyl-17β-ol-3-one,,,,,,,,,,,,,,,,,,,,,,,,,,,,,,,,,,,,178.067,0.251661,sd,,,[M+H]+,1,positive,DTIMS,stepped_field,N2,,,"Agilent DTIM-MS, stepped-field method","Feuerstein et al., J. Am. Soc. Mass Spectrom. 2022",10.1021/jasms.2c00196,"SI_3 sheet S2_Interplatform CCS Database, line 53",3,,academic_only,
small_molecule,fluoxymesterone,"Feuerstein et al., J. Am. Soc. Mass Spectrom. 2022",academic_only,,,steroid_jasms2022:4-androstene-9α-fluoro-11β-ol-17α-methyl-17β-ol-3-one,,,,,,,,,,,,,,,,,,,,,,,,,,,,,,,,,,,,204.303,0.739588,sd,,,[M+Na]+,1,positive,TWIMS,,N2,Waters Major Mix,,"four Waters TWIM-MS systems (2x Synapt G2-S/G2-Si, 2x Vion), interlaboratory average, republished from doi:10.1021/acs.analchem.9b05247","Feuerstein et al., J. Am. Soc. Mass Spectrom. 2022",10.1021/jasms.2c00196,"SI_3 sheet S2_Interplatform CCS Database, line 54",12,,academic_only,
small_molecule,fluoxymesterone,"Feuerstein et al., J. Am. Soc. Mass Spectrom. 2022",academic_only,,,steroid_jasms2022:4-androstene-9α-fluoro-11β-ol-17α-methyl-17β-ol-3-one,,,,,,,,,,,,,,,,,,,,,,,,,,,,,,,,,,,,205.395,0.270617,sd,,,[M+Na]+,1,positive,TIMS,,N2,Agilent ESI-L tune mix (G1969-85000),,"timsTOF Pro, TIMCCSN2 calibrated via a linear function","Feuerstein et al., J. Am. Soc. Mass Spectrom. 2022",10.1021/jasms.2c00196,"SI_3 sheet S2_Interplatform CCS Database, line 54",,,academic_only,
small_molecule,fluoxymesterone,"Feuerstein et al., J. Am. Soc. Mass Spectrom. 2022",academic_only,,,steroid_jasms2022:4-androstene-9α-fluoro-11β-ol-17α-methyl-17β-ol-3-one,,,,,,,,,,,,,,,,,,,,,,,,,,,,,,,,,,,,203.86,0.01,sd,,,[M+Na]+,1,positive,DTIMS,single_field,N2,Agilent ESI-L tune mix (G1969-85000),,"Agilent DTIM-MS, single-field calibration, 4-bit","Feuerstein et al., J. Am. Soc. Mass Spectrom. 2022",10.1021/jasms.2c00196,"SI_3 sheet S2_Interplatform CCS Database, line 54",3,,academic_only,
small_molecule,fluoxymesterone,"Feuerstein et al., J. Am. Soc. Mass Spectrom. 2022",academic_only,,,steroid_jasms2022:4-androstene-9α-fluoro-11β-ol-17α-methyl-17β-ol-3-one,,,,,,,,,,,,,,,,,,,,,,,,,,,,,,,,,,,,203.867,0.152753,sd,,,[M+Na]+,1,positive,DTIMS,stepped_field,N2,,,"Agilent DTIM-MS, stepped-field method","Feuerstein et al., J. Am. Soc. Mass Spectrom. 2022",10.1021/jasms.2c00196,"SI_3 sheet S2_Interplatform CCS Database, line 54",3,,academic_only,
small_molecule,methyltestosterone,"Feuerstein et al., J. Am. Soc. Mass Spectrom. 2022",academic_only,,,steroid_jasms2022:4-androstene-17α-methyl-17β-ol-3-one,,,,,,,,,,,,,,,,,,,,,,,,,,,,,,,,,,,,176.702,1.33861,sd,,,[M+H]+,1,positive,TWIMS,,N2,Waters Major Mix,,"four Waters TWIM-MS systems (2x Synapt G2-S/G2-Si, 2x Vion), interlaboratory average, republished from doi:10.1021/acs.analchem.9b05247","Feuerstein et al., J. Am. Soc. Mass Spectrom. 2022",10.1021/jasms.2c00196,"SI_3 sheet S2_Interplatform CCS Database, line 55",12,,academic_only,
small_molecule,methyltestosterone,"Feuerstein et al., J. Am. Soc. Mass Spectrom. 2022",academic_only,,,steroid_jasms2022:4-androstene-17α-methyl-17β-ol-3-one,,,,,,,,,,,,,,,,,,,,,,,,,,,,,,,,,,,,177.917,0.167292,sd,,,[M+H]+,1,positive,TIMS,,N2,Agilent ESI-L tune mix (G1969-85000),,"timsTOF Pro, TIMCCSN2 calibrated via a linear function","Feuerstein et al., J. Am. Soc. Mass Spectrom. 2022",10.1021/jasms.2c00196,"SI_3 sheet S2_Interplatform CCS Database, line 55",,,academic_only,
small_molecule,methyltestosterone,"Feuerstein et al., J. Am. Soc. Mass Spectrom. 2022",academic_only,,,steroid_jasms2022:4-androstene-17α-methyl-17β-ol-3-one,,,,,,,,,,,,,,,,,,,,,,,,,,,,,,,,,,,,177.76,0.01,sd,,,[M+H]+,1,positive,DTIMS,single_field,N2,Agilent ESI-L tune mix (G1969-85000),,"Agilent DTIM-MS, single-field calibration, 4-bit","Feuerstein et al., J. Am. Soc. Mass Spectrom. 2022",10.1021/jasms.2c00196,"SI_3 sheet S2_Interplatform CCS Database, line 55",3,,academic_only,
small_molecule,methyltestosterone,"Feuerstein et al., J. Am. Soc. Mass Spectrom. 2022",academic_only,,,steroid_jasms2022:4-androstene-17α-methyl-17β-ol-3-one,,,,,,,,,,,,,,,,,,,,,,,,,,,,,,,,,,,,177.157,0.145029,sd,,,[M+H]+,1,positive,DTIMS,stepped_field,N2,,,"Agilent DTIM-MS, stepped-field method","Feuerstein et al., J. Am. Soc. Mass Spectrom. 2022",10.1021/jasms.2c00196,"SI_3 sheet S2_Interplatform CCS Database, line 55",3,,academic_only,
small_molecule,mestanolone,"Feuerstein et al., J. Am. Soc. Mass Spectrom. 2022",academic_only,,,steroid_jasms2022:5α-androstane-17α-methyl-17β-ol-3one,,,,,,,,,,,,,,,,,,,,,,,,,,,,,,,,,,,,181.662,1.52493,sd,,,[M+H]+,1,positive,TWIMS,,N2,Waters Major Mix,,"four Waters TWIM-MS systems (2x Synapt G2-S/G2-Si, 2x Vion), interlaboratory average, republished from doi:10.1021/acs.analchem.9b05247","Feuerstein et al., J. Am. Soc. Mass Spectrom. 2022",10.1021/jasms.2c00196,"SI_3 sheet S2_Interplatform CCS Database, line 56",12,,academic_only,
small_molecule,mestanolone,"Feuerstein et al., J. Am. Soc. Mass Spectrom. 2022",academic_only,,,steroid_jasms2022:5α-androstane-17α-methyl-17β-ol-3one,,,,,,,,,,,,,,,,,,,,,,,,,,,,,,,,,,,,182.343,0.0550757,sd,,,[M+H]+,1,positive,TIMS,,N2,Agilent ESI-L tune mix (G1969-85000),,"timsTOF Pro, TIMCCSN2 calibrated via a linear function","Feuerstein et al., J. Am. Soc. Mass Spectrom. 2022",10.1021/jasms.2c00196,"SI_3 sheet S2_Interplatform CCS Database, line 56",,,academic_only,
small_molecule,mestanolone,"Feuerstein et al., J. Am. Soc. Mass Spectrom. 2022",academic_only,,,steroid_jasms2022:5α-androstane-17α-methyl-17β-ol-3one,,,,,,,,,,,,,,,,,,,,,,,,,,,,,,,,,,,,185.33,0.03,sd,,,[M+H]+,1,positive,DTIMS,single_field,N2,Agilent ESI-L tune mix (G1969-85000),,"Agilent DTIM-MS, single-field calibration, 4-bit","Feuerstein et al., J. Am. Soc. Mass Spectrom. 2022",10.1021/jasms.2c00196,"SI_3 sheet S2_Interplatform CCS Database, line 56",3,,academic_only,
small_molecule,mestanolone,"Feuerstein et al., J. Am. Soc. Mass Spectrom. 2022",academic_only,,,steroid_jasms2022:5α-androstane-17α-methyl-17β-ol-3one,,,,,,,,,,,,,,,,,,,,,,,,,,,,,,,,,,,,185.837,0.6376,sd,,,[M+H]+,1,positive,DTIMS,stepped_field,N2,,,"Agilent DTIM-MS, stepped-field method","Feuerstein et al., J. Am. Soc. Mass Spectrom. 2022",10.1021/jasms.2c00196,"SI_3 sheet S2_Interplatform CCS Database, line 56",3,,academic_only,
small_molecule,mesterolone,"Feuerstein et al., J. Am. Soc. Mass Spectrom. 2022",academic_only,,,steroid_jasms2022:5α-androstane-1α-methyl-17β-ol-3one,,,,,,,,,,,,,,,,,,,,,,,,,,,,,,,,,,,,179.262,1.4882,sd,,,[M+H]+,1,positive,TWIMS,,N2,Waters Major Mix,,"four Waters TWIM-MS systems (2x Synapt G2-S/G2-Si, 2x Vion), interlaboratory average, republished from doi:10.1021/acs.analchem.9b05247","Feuerstein et al., J. Am. Soc. Mass Spectrom. 2022",10.1021/jasms.2c00196,"SI_3 sheet S2_Interplatform CCS Database, line 57",12,,academic_only,
small_molecule,mesterolone,"Feuerstein et al., J. Am. Soc. Mass Spectrom. 2022",academic_only,,,steroid_jasms2022:5α-androstane-1α-methyl-17β-ol-3one,,,,,,,,,,,,,,,,,,,,,,,,,,,,,,,,,,,,180.475,0.179972,sd,,,[M+H]+,1,positive,TIMS,,N2,Agilent ESI-L tune mix (G1969-85000),,"timsTOF Pro, TIMCCSN2 calibrated via a linear function","Feuerstein et al., J. Am. Soc. Mass Spectrom. 2022",10.1021/jasms.2c00196,"SI_3 sheet S2_Interplatform CCS Database, line 57",,,academic_only,
small_molecule,mesterolone,"Feuerstein et al., J. Am. Soc. Mass Spectrom. 2022",academic_only,,,steroid_jasms2022:5α-androstane-1α-methyl-17β-ol-3one,,,,,,,,,,,,,,,,,,,,,,,,,,,,,,,,,,,,182.69,0.01,sd,,,[M+H]+,1,positive,DTIMS,single_field,N2,Agilent ESI-L tune mix (G1969-85000),,"Agilent DTIM-MS, single-field calibration, 4-bit","Feuerstein et al., J. Am. Soc. Mass Spectrom. 2022",10.1021/jasms.2c00196,"SI_3 sheet S2_Interplatform CCS Database, line 57",3,,academic_only,
small_molecule,mesterolone,"Feuerstein et al., J. Am. Soc. Mass Spectrom. 2022",academic_only,,,steroid_jasms2022:5α-androstane-1α-methyl-17β-ol-3one,,,,,,,,,,,,,,,,,,,,,,,,,,,,,,,,,,,,182.077,0.172143,sd,,,[M+H]+,1,positive,DTIMS,stepped_field,N2,,,"Agilent DTIM-MS, stepped-field method","Feuerstein et al., J. Am. Soc. Mass Spectrom. 2022",10.1021/jasms.2c00196,"SI_3 sheet S2_Interplatform CCS Database, line 57",3,,academic_only,
small_molecule,gestrinone,"Feuerstein et al., J. Am. Soc. Mass Spectrom. 2022",academic_only,,,"steroid_jasms2022:4,9,11-estratrien-13-ethyl-17-ethinyl-17β-ol-3-one",,,,,,,,,,,,,,,,,,,,,,,,,,,,,,,,,,,,177.193,1.56912,sd,,,[M+H]+,1,positive,TWIMS,,N2,Waters Major Mix,,"four Waters TWIM-MS systems (2x Synapt G2-S/G2-Si, 2x Vion), interlaboratory average, republished from doi:10.1021/acs.analchem.9b05247","Feuerstein et al., J. Am. Soc. Mass Spectrom. 2022",10.1021/jasms.2c00196,"SI_3 sheet S2_Interplatform CCS Database, line 58",12,,academic_only,
small_molecule,gestrinone,"Feuerstein et al., J. Am. Soc. Mass Spectrom. 2022",academic_only,,,"steroid_jasms2022:4,9,11-estratrien-13-ethyl-17-ethinyl-17β-ol-3-one",,,,,,,,,,,,,,,,,,,,,,,,,,,,,,,,,,,,177.91,0.174011,sd,,,[M+H]+,1,positive,TIMS,,N2,Agilent ESI-L tune mix (G1969-85000),,"timsTOF Pro, TIMCCSN2 calibrated via a linear function","Feuerstein et al., J. Am. Soc. Mass Spectrom. 2022",10.1021/jasms.2c00196,"SI_3 sheet S2_Interplatform CCS Database, line 58",,,academic_only,
small_molecule,gestrinone,"Feuerstein et al., J. Am. Soc. Mass Spectrom. 2022",academic_only,,,"steroid_jasms2022:4,9,11-estratrien-13-ethyl-17-ethinyl-17β-ol-3-one",,,,,,,,,,,,,,,,,,,,,,,,,,,,,,,,,,,,177.78,,,,,[M+H]+,1,positive,DTIMS,single_field,N2,Agilent ESI-L tune mix (G1969-85000),,"Agilent DTIM-MS, single-field calibration, 4-bit","Feuerstein et al., J. Am. Soc. Mass Spectrom. 2022",10.1021/jasms.2c00196,"SI_3 sheet S2_Interplatform CCS Database, line 58",3,,academic_only,
small_molecule,gestrinone,"Feuerstein et al., J. Am. Soc. Mass Spectrom. 2022",academic_only,,,"steroid_jasms2022:4,9,11-estratrien-13-ethyl-17-ethinyl-17β-ol-3-one",,,,,,,,,,,,,,,,,,,,,,,,,,,,,,,,,,,,176.833,0.208167,sd,,,[M+H]+,1,positive,DTIMS,stepped_field,N2,,,"Agilent DTIM-MS, stepped-field method","Feuerstein et al., J. Am. Soc. Mass Spectrom. 2022",10.1021/jasms.2c00196,"SI_3 sheet S2_Interplatform CCS Database, line 58",3,,academic_only,
small_molecule,gestrinone,"Feuerstein et al., J. Am. Soc. Mass Spectrom. 2022",academic_only,,,"steroid_jasms2022:4,9,11-estratrien-13-ethyl-17-ethinyl-17β-ol-3-one",,,,,,,,,,,,,,,,,,,,,,,,,,,,,,,,,,,,204.309,0.6675,sd,,,[M+Na]+,1,positive,TWIMS,,N2,Waters Major Mix,,"four Waters TWIM-MS systems (2x Synapt G2-S/G2-Si, 2x Vion), interlaboratory average, republished from doi:10.1021/acs.analchem.9b05247","Feuerstein et al., J. Am. Soc. Mass Spectrom. 2022",10.1021/jasms.2c00196,"SI_3 sheet S2_Interplatform CCS Database, line 59",12,,academic_only,
small_molecule,gestrinone,"Feuerstein et al., J. Am. Soc. Mass Spectrom. 2022",academic_only,,,"steroid_jasms2022:4,9,11-estratrien-13-ethyl-17-ethinyl-17β-ol-3-one",,,,,,,,,,,,,,,,,,,,,,,,,,,,,,,,,,,,205.402,0.289511,sd,,,[M+Na]+,1,positive,TIMS,,N2,Agilent ESI-L tune mix (G1969-85000),,"timsTOF Pro, TIMCCSN2 calibrated via a linear function","Feuerstein et al., J. Am. Soc. Mass Spectrom. 2022",10.1021/jasms.2c00196,"SI_3 sheet S2_Interplatform CCS Database, line 59",,,academic_only,
small_molecule,gestrinone,"Feuerstein et al., J. Am. Soc. Mass Spectrom. 2022",academic_only,,,"steroid_jasms2022:4,9,11-estratrien-13-ethyl-17-ethinyl-17β-ol-3-one",,,,,,,,,,,,,,,,,,,,,,,,,,,,,,,,,,,,204.31,0.01,sd,,,[M+Na]+,1,positive,DTIMS,single_field,N2,Agilent ESI-L tune mix (G1969-85000),,"Agilent DTIM-MS, single-field calibration, 4-bit","Feuerstein et al., J. Am. Soc. Mass Spectrom. 2022",10.1021/jasms.2c00196,"SI_3 sheet S2_Interplatform CCS Database, line 59",3,,academic_only,
small_molecule,gestrinone,"Feuerstein et al., J. Am. Soc. Mass Spectrom. 2022",academic_only,,,"steroid_jasms2022:4,9,11-estratrien-13-ethyl-17-ethinyl-17β-ol-3-one",,,,,,,,,,,,,,,,,,,,,,,,,,,,,,,,,,,,204.21,0.117898,sd,,,[M+Na]+,1,positive,DTIMS,stepped_field,N2,,,"Agilent DTIM-MS, stepped-field method","Feuerstein et al., J. Am. Soc. Mass Spectrom. 2022",10.1021/jasms.2c00196,"SI_3 sheet S2_Interplatform CCS Database, line 59",3,,academic_only,
small_molecule,prednisone,"Feuerstein et al., J. Am. Soc. Mass Spectrom. 2022",academic_only,,,"steroid_jasms2022:1,4-pregnadiene-17,21-diol-3,11,20-trione",,,,,,,,,,,,,,,,,,,,,,,,,,,,,,,,,,,,183.561,1.30465,sd,,,[M+H]+,1,positive,TWIMS,,N2,Waters Major Mix,,"four Waters TWIM-MS systems (2x Synapt G2-S/G2-Si, 2x Vion), interlaboratory average, republished from doi:10.1021/acs.analchem.9b05247","Feuerstein et al., J. Am. Soc. Mass Spectrom. 2022",10.1021/jasms.2c00196,"SI_3 sheet S2_Interplatform CCS Database, line 60",12,,academic_only,
small_molecule,prednisone,"Feuerstein et al., J. Am. Soc. Mass Spectrom. 2022",academic_only,,,"steroid_jasms2022:1,4-pregnadiene-17,21-diol-3,11,20-trione",,,,,,,,,,,,,,,,,,,,,,,,,,,,,,,,,,,,185.66,0.400375,sd,,,[M+H]+,1,positive,TIMS,,N2,Agilent ESI-L tune mix (G1969-85000),,"timsTOF Pro, TIMCCSN2 calibrated via a linear function","Feuerstein et al., J. Am. Soc. Mass Spectrom. 2022",10.1021/jasms.2c00196,"SI_3 sheet S2_Interplatform CCS Database, line 60",,,academic_only,
small_molecule,prednisone,"Feuerstein et al., J. Am. Soc. Mass Spectrom. 2022",academic_only,,,"steroid_jasms2022:1,4-pregnadiene-17,21-diol-3,11,20-trione",,,,,,,,,,,,,,,,,,,,,,,,,,,,,,,,,,,,185.95,0.01,sd,,,[M+H]+,1,positive,DTIMS,single_field,N2,Agilent ESI-L tune mix (G1969-85000),,"Agilent DTIM-MS, single-field calibration, 4-bit","Feuerstein et al., J. Am. Soc. Mass Spectrom. 2022",10.1021/jasms.2c00196,"SI_3 sheet S2_Interplatform CCS Database, line 60",3,,academic_only,
small_molecule,prednisone,"Feuerstein et al., J. Am. Soc. Mass Spectrom. 2022",academic_only,,,"steroid_jasms2022:1,4-pregnadiene-17,21-diol-3,11,20-trione",,,,,,,,,,,,,,,,,,,,,,,,,,,,,,,,,,,,184.233,0.305505,sd,,,[M+H]+,1,positive,DTIMS,stepped_field,N2,,,"Agilent DTIM-MS, stepped-field method","Feuerstein et al., J. Am. Soc. Mass Spectrom. 2022",10.1021/jasms.2c00196,"SI_3 sheet S2_Interplatform CCS Database, line 60",3,,academic_only,
small_molecule,prednisone,"Feuerstein et al., J. Am. Soc. Mass Spectrom. 2022",academic_only,,,"steroid_jasms2022:1,4-pregnadiene-17,21-diol-3,11,20-trione",,,,,,,,,,,,,,,,,,,,,,,,,,,,,,,,,,,,210.559,1.41268,sd,,,[M+Na]+,1,positive,TWIMS,,N2,Waters Major Mix,,"four Waters TWIM-MS systems (2x Synapt G2-S/G2-Si, 2x Vion), interlaboratory average, republished from doi:10.1021/acs.analchem.9b05247","Feuerstein et al., J. Am. Soc. Mass Spectrom. 2022",10.1021/jasms.2c00196,"SI_3 sheet S2_Interplatform CCS Database, line 61",12,,academic_only,
small_molecule,prednisone,"Feuerstein et al., J. Am. Soc. Mass Spectrom. 2022",academic_only,,,"steroid_jasms2022:1,4-pregnadiene-17,21-diol-3,11,20-trione",,,,,,,,,,,,,,,,,,,,,,,,,,,,,,,,,,,,211.807,0.246847,sd,,,[M+Na]+,1,positive,TIMS,,N2,Agilent ESI-L tune mix (G1969-85000),,"timsTOF Pro, TIMCCSN2 calibrated via a linear function","Feuerstein et al., J. Am. Soc. Mass Spectrom. 2022",10.1021/jasms.2c00196,"SI_3 sheet S2_Interplatform CCS Database, line 61",,,academic_only,
small_molecule,prednisone,"Feuerstein et al., J. Am. Soc. Mass Spectrom. 2022",academic_only,,,"steroid_jasms2022:1,4-pregnadiene-17,21-diol-3,11,20-trione",,,,,,,,,,,,,,,,,,,,,,,,,,,,,,,,,,,,210.52,,,,,[M+Na]+,1,positive,DTIMS,single_field,N2,Agilent ESI-L tune mix (G1969-85000),,"Agilent DTIM-MS, single-field calibration, 4-bit","Feuerstein et al., J. Am. Soc. Mass Spectrom. 2022",10.1021/jasms.2c00196,"SI_3 sheet S2_Interplatform CCS Database, line 61",3,,academic_only,
small_molecule,prednisone,"Feuerstein et al., J. Am. Soc. Mass Spectrom. 2022",academic_only,,,"steroid_jasms2022:1,4-pregnadiene-17,21-diol-3,11,20-trione",,,,,,,,,,,,,,,,,,,,,,,,,,,,,,,,,,,,210.033,0.208167,sd,,,[M+Na]+,1,positive,DTIMS,stepped_field,N2,,,"Agilent DTIM-MS, stepped-field method","Feuerstein et al., J. Am. Soc. Mass Spectrom. 2022",10.1021/jasms.2c00196,"SI_3 sheet S2_Interplatform CCS Database, line 61",3,,academic_only,
small_molecule,triamcinolone,"Feuerstein et al., J. Am. Soc. Mass Spectrom. 2022",academic_only,,,"steroid_jasms2022:1,4-pregnadiene-9α-fluoro-11β,16α,17,21-tetrol-3,20-dione",,,,,,,,,,,,,,,,,,,,,,,,,,,,,,,,,,,,188.437,1.82462,sd,,,[M+H]+,1,positive,TWIMS,,N2,Waters Major Mix,,"four Waters TWIM-MS systems (2x Synapt G2-S/G2-Si, 2x Vion), interlaboratory average, republished from doi:10.1021/acs.analchem.9b05247","Feuerstein et al., J. Am. Soc. Mass Spectrom. 2022",10.1021/jasms.2c00196,"SI_3 sheet S2_Interplatform CCS Database, line 62",12,,academic_only,
small_molecule,triamcinolone,"Feuerstein et al., J. Am. Soc. Mass Spectrom. 2022",academic_only,,,"steroid_jasms2022:1,4-pregnadiene-9α-fluoro-11β,16α,17,21-tetrol-3,20-dione",,,,,,,,,,,,,,,,,,,,,,,,,,,,,,,,,,,,190.343,0.090185,sd,,,[M+H]+,1,positive,TIMS,,N2,Agilent ESI-L tune mix (G1969-85000),,"timsTOF Pro, TIMCCSN2 calibrated via a linear function","Feuerstein et al., J. Am. Soc. Mass Spectrom. 2022",10.1021/jasms.2c00196,"SI_3 sheet S2_Interplatform CCS Database, line 62",,,academic_only,
small_molecule,triamcinolone,"Feuerstein et al., J. Am. Soc. Mass Spectrom. 2022",academic_only,,,"steroid_jasms2022:1,4-pregnadiene-9α-fluoro-11β,16α,17,21-tetrol-3,20-dione",,,,,,,,,,,,,,,,,,,,,,,,,,,,,,,,,,,,189.58,0.09,sd,,,[M+H]+,1,positive,DTIMS,single_field,N2,Agilent ESI-L tune mix (G1969-85000),,"Agilent DTIM-MS, single-field calibration, 4-bit","Feuerstein et al., J. Am. Soc. Mass Spectrom. 2022",10.1021/jasms.2c00196,"SI_3 sheet S2_Interplatform CCS Database, line 62",3,,academic_only,
small_molecule,triamcinolone,"Feuerstein et al., J. Am. Soc. Mass Spectrom. 2022",academic_only,,,"steroid_jasms2022:1,4-pregnadiene-9α-fluoro-11β,16α,17,21-tetrol-3,20-dione",,,,,,,,,,,,,,,,,,,,,,,,,,,,,,,,,,,,215.166,1.97513,sd,,,[M+Na]+,1,positive,TWIMS,,N2,Waters Major Mix,,"four Waters TWIM-MS systems (2x Synapt G2-S/G2-Si, 2x Vion), interlaboratory average, republished from doi:10.1021/acs.analchem.9b05247","Feuerstein et al., J. Am. Soc. Mass Spectrom. 2022",10.1021/jasms.2c00196,"SI_3 sheet S2_Interplatform CCS Database, line 63",12,,academic_only,
small_molecule,triamcinolone,"Feuerstein et al., J. Am. Soc. Mass Spectrom. 2022",academic_only,,,"steroid_jasms2022:1,4-pregnadiene-9α-fluoro-11β,16α,17,21-tetrol-3,20-dione",,,,,,,,,,,,,,,,,,,,,,,,,,,,,,,,,,,,215.92,0.182483,sd,,,[M+Na]+,1,positive,TIMS,,N2,Agilent ESI-L tune mix (G1969-85000),,"timsTOF Pro, TIMCCSN2 calibrated via a linear function","Feuerstein et al., J. Am. Soc. Mass Spectrom. 2022",10.1021/jasms.2c00196,"SI_3 sheet S2_Interplatform CCS Database, line 63",,,academic_only,
small_molecule,triamcinolone,"Feuerstein et al., J. Am. Soc. Mass Spectrom. 2022",academic_only,,,"steroid_jasms2022:1,4-pregnadiene-9α-fluoro-11β,16α,17,21-tetrol-3,20-dione",,,,,,,,,,,,,,,,,,,,,,,,,,,,,,,,,,,,213.16,0.05,sd,,,[M+Na]+,1,positive,DTIMS,single_field,N2,Agilent ESI-L tune mix (G1969-85000),,"Agilent DTIM-MS, single-field calibration, 4-bit","Feuerstein et al., J. Am. Soc. Mass Spectrom. 2022",10.1021/jasms.2c00196,"SI_3 sheet S2_Interplatform CCS Database, line 63",3,,academic_only,
small_molecule,triamcinolone,"Feuerstein et al., J. Am. Soc. Mass Spectrom. 2022",academic_only,,,"steroid_jasms2022:1,4-pregnadiene-9α-fluoro-11β,16α,17,21-tetrol-3,20-dione",,,,,,,,,,,,,,,,,,,,,,,,,,,,,,,,,,,,214.59,0.0608276,sd,,,[M+Na]+,1,positive,DTIMS,stepped_field,N2,,,"Agilent DTIM-MS, stepped-field method","Feuerstein et al., J. Am. Soc. Mass Spectrom. 2022",10.1021/jasms.2c00196,"SI_3 sheet S2_Interplatform CCS Database, line 63",3,,academic_only,
small_molecule,cortisone,"Feuerstein et al., J. Am. Soc. Mass Spectrom. 2022",academic_only,,,"steroid_jasms2022:4-pregnene-17α,21-diol-3,11,20-trione",,,,,,,,,,,,,,,,,,,,,,,,,,,,,,,,,,,,185.789,1.09952,sd,,,[M+H]+,1,positive,TWIMS,,N2,Waters Major Mix,,"four Waters TWIM-MS systems (2x Synapt G2-S/G2-Si, 2x Vion), interlaboratory average, republished from doi:10.1021/acs.analchem.9b05247","Feuerstein et al., J. Am. Soc. Mass Spectrom. 2022",10.1021/jasms.2c00196,"SI_3 sheet S2_Interplatform CCS Database, line 64",12,,academic_only,
small_molecule,cortisone,"Feuerstein et al., J. Am. Soc. Mass Spectrom. 2022",academic_only,,,"steroid_jasms2022:4-pregnene-17α,21-diol-3,11,20-trione",,,,,,,,,,,,,,,,,,,,,,,,,,,,,,,,,,,,188.13,0.01,sd,,,[M+H]+,1,positive,TIMS,,N2,Agilent ESI-L tune mix (G1969-85000),,"timsTOF Pro, TIMCCSN2 calibrated via a linear function","Feuerstein et al., J. Am. Soc. Mass Spectrom. 2022",10.1021/jasms.2c00196,"SI_3 sheet S2_Interplatform CCS Database, line 64",,,academic_only,
small_molecule,cortisone,"Feuerstein et al., J. Am. Soc. Mass Spectrom. 2022",academic_only,,,"steroid_jasms2022:4-pregnene-17α,21-diol-3,11,20-trione",,,,,,,,,,,,,,,,,,,,,,,,,,,,,,,,,,,,188.79,0.02,sd,,,[M+H]+,1,positive,DTIMS,single_field,N2,Agilent ESI-L tune mix (G1969-85000),,"Agilent DTIM-MS, single-field calibration, 4-bit","Feuerstein et al., J. Am. Soc. Mass Spectrom. 2022",10.1021/jasms.2c00196,"SI_3 sheet S2_Interplatform CCS Database, line 64",3,,academic_only,
small_molecule,cortisone,"Feuerstein et al., J. Am. Soc. Mass Spectrom. 2022",academic_only,,,"steroid_jasms2022:4-pregnene-17α,21-diol-3,11,20-trione",,,,,,,,,,,,,,,,,,,,,,,,,,,,,,,,,,,,187.64,0.0264575,sd,,,[M+H]+,1,positive,DTIMS,stepped_field,N2,,,"Agilent DTIM-MS, stepped-field method","Feuerstein et al., J. Am. Soc. Mass Spectrom. 2022",10.1021/jasms.2c00196,"SI_3 sheet S2_Interplatform CCS Database, line 64",3,,academic_only,
small_molecule,prednisolone,"Feuerstein et al., J. Am. Soc. Mass Spectrom. 2022",academic_only,,,"steroid_jasms2022:1,4-pregnadiene-11β,17,21-triol-3,20-dione",,,,,,,,,,,,,,,,,,,,,,,,,,,,,,,,,,,,184.807,1.64383,sd,,,[M+H]+,1,positive,TWIMS,,N2,Waters Major Mix,,"four Waters TWIM-MS systems (2x Synapt G2-S/G2-Si, 2x Vion), interlaboratory average, republished from doi:10.1021/acs.analchem.9b05247","Feuerstein et al., J. Am. Soc. Mass Spectrom. 2022",10.1021/jasms.2c00196,"SI_3 sheet S2_Interplatform CCS Database, line 65",12,,academic_only,
small_molecule,prednisolone,"Feuerstein et al., J. Am. Soc. Mass Spectrom. 2022",academic_only,,,"steroid_jasms2022:1,4-pregnadiene-11β,17,21-triol-3,20-dione",,,,,,,,,,,,,,,,,,,,,,,,,,,,,,,,,,,,186.5,0.475079,sd,,,[M+H]+,1,positive,TIMS,,N2,Agilent ESI-L tune mix (G1969-85000),,"timsTOF Pro, TIMCCSN2 calibrated via a linear function","Feuerstein et al., J. Am. Soc. Mass Spectrom. 2022",10.1021/jasms.2c00196,"SI_3 sheet S2_Interplatform CCS Database, line 65",,,academic_only,
small_molecule,prednisolone,"Feuerstein et al., J. Am. Soc. Mass Spectrom. 2022",academic_only,,,"steroid_jasms2022:1,4-pregnadiene-11β,17,21-triol-3,20-dione",,,,,,,,,,,,,,,,,,,,,,,,,,,,,,,,,,,,186.55,0.01,sd,,,[M+H]+,1,positive,DTIMS,single_field,N2,Agilent ESI-L tune mix (G1969-85000),,"Agilent DTIM-MS, single-field calibration, 4-bit","Feuerstein et al., J. Am. Soc. Mass Spectrom. 2022",10.1021/jasms.2c00196,"SI_3 sheet S2_Interplatform CCS Database, line 65",3,,academic_only,
small_molecule,prednisolone,"Feuerstein et al., J. Am. Soc. Mass Spectrom. 2022",academic_only,,,"steroid_jasms2022:1,4-pregnadiene-11β,17,21-triol-3,20-dione",,,,,,,,,,,,,,,,,,,,,,,,,,,,,,,,,,,,211.135,1.3951,sd,,,[M+Na]+,1,positive,TWIMS,,N2,Waters Major Mix,,"four Waters TWIM-MS systems (2x Synapt G2-S/G2-Si, 2x Vion), interlaboratory average, republished from doi:10.1021/acs.analchem.9b05247","Feuerstein et al., J. Am. Soc. Mass Spectrom. 2022",10.1021/jasms.2c00196,"SI_3 sheet S2_Interplatform CCS Database, line 66",12,,academic_only,
small_molecule,prednisolone,"Feuerstein et al., J. Am. Soc. Mass Spectrom. 2022",academic_only,,,"steroid_jasms2022:1,4-pregnadiene-11β,17,21-triol-3,20-dione",,,,,,,,,,,,,,,,,,,,,,,,,,,,,,,,,,,,212.083,0.259294,sd,,,[M+Na]+,1,positive,TIMS,,N2,Agilent ESI-L tune mix (G1969-85000),,"timsTOF Pro, TIMCCSN2 calibrated via a linear function","Feuerstein et al., J. Am. Soc. Mass Spectrom. 2022",10.1021/jasms.2c00196,"SI_3 sheet S2_Interplatform CCS Database, line 66",,,academic_only,
small_molecule,prednisolone,"Feuerstein et al., J. Am. Soc. Mass Spectrom. 2022",academic_only,,,"steroid_jasms2022:1,4-pregnadiene-11β,17,21-triol-3,20-dione",,,,,,,,,,,,,,,,,,,,,,,,,,,,,,,,,,,,211.04,0.03,sd,,,[M+Na]+,1,positive,DTIMS,single_field,N2,Agilent ESI-L tune mix (G1969-85000),,"Agilent DTIM-MS, single-field calibration, 4-bit","Feuerstein et al., J. Am. Soc. Mass Spectrom. 2022",10.1021/jasms.2c00196,"SI_3 sheet S2_Interplatform CCS Database, line 66",3,,academic_only,
small_molecule,prednisolone,"Feuerstein et al., J. Am. Soc. Mass Spectrom. 2022",academic_only,,,"steroid_jasms2022:1,4-pregnadiene-11β,17,21-triol-3,20-dione",,,,,,,,,,,,,,,,,,,,,,,,,,,,,,,,,,,,210.567,0.208167,sd,,,[M+Na]+,1,positive,DTIMS,stepped_field,N2,,,"Agilent DTIM-MS, stepped-field method","Feuerstein et al., J. Am. Soc. Mass Spectrom. 2022",10.1021/jasms.2c00196,"SI_3 sheet S2_Interplatform CCS Database, line 66",3,,academic_only,
small_molecule,4-chlorotestosterone acetate/clostebol acetate,"Feuerstein et al., J. Am. Soc. Mass Spectrom. 2022",academic_only,,,steroid_jasms2022:4-androstene-4-chloro-17β-ol-3-one acetate,,,,,,,,,,,,,,,,,,,,,,,,,,,,,,,,,,,,186.645,1.90837,sd,,,[M+H]+,1,positive,TWIMS,,N2,Waters Major Mix,,"four Waters TWIM-MS systems (2x Synapt G2-S/G2-Si, 2x Vion), interlaboratory average, republished from doi:10.1021/acs.analchem.9b05247","Feuerstein et al., J. Am. Soc. Mass Spectrom. 2022",10.1021/jasms.2c00196,"SI_3 sheet S2_Interplatform CCS Database, line 67",12,,academic_only,
small_molecule,4-chlorotestosterone acetate/clostebol acetate,"Feuerstein et al., J. Am. Soc. Mass Spectrom. 2022",academic_only,,,steroid_jasms2022:4-androstene-4-chloro-17β-ol-3-one acetate,,,,,,,,,,,,,,,,,,,,,,,,,,,,,,,,,,,,188.173,0.10116,sd,,,[M+H]+,1,positive,TIMS,,N2,Agilent ESI-L tune mix (G1969-85000),,"timsTOF Pro, TIMCCSN2 calibrated via a linear function","Feuerstein et al., J. Am. Soc. Mass Spectrom. 2022",10.1021/jasms.2c00196,"SI_3 sheet S2_Interplatform CCS Database, line 67",,,academic_only,
small_molecule,4-chlorotestosterone acetate/clostebol acetate,"Feuerstein et al., J. Am. Soc. Mass Spectrom. 2022",academic_only,,,steroid_jasms2022:4-androstene-4-chloro-17β-ol-3-one acetate,,,,,,,,,,,,,,,,,,,,,,,,,,,,,,,,,,,,188.54,0.07,sd,,,[M+H]+,1,positive,DTIMS,single_field,N2,Agilent ESI-L tune mix (G1969-85000),,"Agilent DTIM-MS, single-field calibration, 4-bit","Feuerstein et al., J. Am. Soc. Mass Spectrom. 2022",10.1021/jasms.2c00196,"SI_3 sheet S2_Interplatform CCS Database, line 67",3,,academic_only,
small_molecule,4-chlorotestosterone acetate/clostebol acetate,"Feuerstein et al., J. Am. Soc. Mass Spectrom. 2022",academic_only,,,steroid_jasms2022:4-androstene-4-chloro-17β-ol-3-one acetate,,,,,,,,,,,,,,,,,,,,,,,,,,,,,,,,,,,,208.827,1.24926,sd,,,[M+Na]+,1,positive,TWIMS,,N2,Waters Major Mix,,"four Waters TWIM-MS systems (2x Synapt G2-S/G2-Si, 2x Vion), interlaboratory average, republished from doi:10.1021/acs.analchem.9b05247","Feuerstein et al., J. Am. Soc. Mass Spectrom. 2022",10.1021/jasms.2c00196,"SI_3 sheet S2_Interplatform CCS Database, line 68",12,,academic_only,
small_molecule,4-chlorotestosterone acetate/clostebol acetate,"Feuerstein et al., J. Am. Soc. Mass Spectrom. 2022",academic_only,,,steroid_jasms2022:4-androstene-4-chloro-17β-ol-3-one acetate,,,,,,,,,,,,,,,,,,,,,,,,,,,,,,,,,,,,210.607,0.168622,sd,,,[M+Na]+,1,positive,TIMS,,N2,Agilent ESI-L tune mix (G1969-85000),,"timsTOF Pro, TIMCCSN2 calibrated via a linear function","Feuerstein et al., J. Am. Soc. Mass Spectrom. 2022",10.1021/jasms.2c00196,"SI_3 sheet S2_Interplatform CCS Database, line 68",,,academic_only,
small_molecule,4-chlorotestosterone acetate/clostebol acetate,"Feuerstein et al., J. Am. Soc. Mass Spectrom. 2022",academic_only,,,steroid_jasms2022:4-androstene-4-chloro-17β-ol-3-one acetate,,,,,,,,,,,,,,,,,,,,,,,,,,,,,,,,,,,,209.59,0.01,sd,,,[M+Na]+,1,positive,DTIMS,single_field,N2,Agilent ESI-L tune mix (G1969-85000),,"Agilent DTIM-MS, single-field calibration, 4-bit","Feuerstein et al., J. Am. Soc. Mass Spectrom. 2022",10.1021/jasms.2c00196,"SI_3 sheet S2_Interplatform CCS Database, line 68",3,,academic_only,
small_molecule,4-chlorotestosterone acetate/clostebol acetate,"Feuerstein et al., J. Am. Soc. Mass Spectrom. 2022",academic_only,,,steroid_jasms2022:4-androstene-4-chloro-17β-ol-3-one acetate,,,,,,,,,,,,,,,,,,,,,,,,,,,,,,,,,,,,209.083,0.765136,sd,,,[M+Na]+,1,positive,DTIMS,stepped_field,N2,,,"Agilent DTIM-MS, stepped-field method","Feuerstein et al., J. Am. Soc. Mass Spectrom. 2022",10.1021/jasms.2c00196,"SI_3 sheet S2_Interplatform CCS Database, line 68",3,,academic_only,
small_molecule,progesterone,"Feuerstein et al., J. Am. Soc. Mass Spectrom. 2022",academic_only,,,"steroid_jasms2022:4-pregnene-3,20-dione",,,,,,,,,,,,,,,,,,,,,,,,,,,,,,,,,,,,179.087,1.27135,sd,,,[M+H]+,1,positive,TWIMS,,N2,Waters Major Mix,,"four Waters TWIM-MS systems (2x Synapt G2-S/G2-Si, 2x Vion), interlaboratory average, republished from doi:10.1021/acs.analchem.9b05247","Feuerstein et al., J. Am. Soc. Mass Spectrom. 2022",10.1021/jasms.2c00196,"SI_3 sheet S2_Interplatform CCS Database, line 69",12,,academic_only,
small_molecule,progesterone,"Feuerstein et al., J. Am. Soc. Mass Spectrom. 2022",academic_only,,,"steroid_jasms2022:4-pregnene-3,20-dione",,,,,,,,,,,,,,,,,,,,,,,,,,,,,,,,,,,,180.327,0.152753,sd,,,[M+H]+,1,positive,TIMS,,N2,Agilent ESI-L tune mix (G1969-85000),,"timsTOF Pro, TIMCCSN2 calibrated via a linear function","Feuerstein et al., J. Am. Soc. Mass Spectrom. 2022",10.1021/jasms.2c00196,"SI_3 sheet S2_Interplatform CCS Database, line 69",,,academic_only,
small_molecule,progesterone,"Feuerstein et al., J. Am. Soc. Mass Spectrom. 2022",academic_only,,,"steroid_jasms2022:4-pregnene-3,20-dione",,,,,,,,,,,,,,,,,,,,,,,,,,,,,,,,,,,,181.38,0.02,sd,,,[M+H]+,1,positive,DTIMS,single_field,N2,Agilent ESI-L tune mix (G1969-85000),,"Agilent DTIM-MS, single-field calibration, 4-bit","Feuerstein et al., J. Am. Soc. Mass Spectrom. 2022",10.1021/jasms.2c00196,"SI_3 sheet S2_Interplatform CCS Database, line 69",3,,academic_only,
small_molecule,17-hydroxyprogesterone,"Feuerstein et al., J. Am. Soc. Mass Spectrom. 2022",academic_only,,,"steroid_jasms2022:4-pregnene-17α-ol-3,20-dione",,,,,,,,,,,,,,,,,,,,,,,,,,,,,,,,,,,,181.466,1.08394,sd,,,[M+H]+,1,positive,TWIMS,,N2,Waters Major Mix,,"four Waters TWIM-MS systems (2x Synapt G2-S/G2-Si, 2x Vion), interlaboratory average, republished from doi:10.1021/acs.analchem.9b05247","Feuerstein et al., J. Am. Soc. Mass Spectrom. 2022",10.1021/jasms.2c00196,"SI_3 sheet S2_Interplatform CCS Database, line 70",12,,academic_only,
small_molecule,17-hydroxyprogesterone,"Feuerstein et al., J. Am. Soc. Mass Spectrom. 2022",academic_only,,,"steroid_jasms2022:4-pregnene-17α-ol-3,20-dione",,,,,,,,,,,,,,,,,,,,,,,,,,,,,,,,,,,,182.793,0.125831,sd,,,[M+H]+,1,positive,TIMS,,N2,Agilent ESI-L tune mix (G1969-85000),,"timsTOF Pro, TIMCCSN2 calibrated via a linear function","Feuerstein et al., J. Am. Soc. Mass Spectrom. 2022",10.1021/jasms.2c00196,"SI_3 sheet S2_Interplatform CCS Database, line 70",,,academic_only,
small_molecule,17-hydroxyprogesterone,"Feuerstein et al., J. Am. Soc. Mass Spectrom. 2022",academic_only,,,"steroid_jasms2022:4-pregnene-17α-ol-3,20-dione",,,,,,,,,,,,,,,,,,,,,,,,,,,,,,,,,,,,183.6,0.03,sd,,,[M+H]+,1,positive,DTIMS,single_field,N2,Agilent ESI-L tune mix (G1969-85000),,"Agilent DTIM-MS, single-field calibration, 4-bit","Feuerstein et al., J. Am. Soc. Mass Spectrom. 2022",10.1021/jasms.2c00196,"SI_3 sheet S2_Interplatform CCS Database, line 70",3,,academic_only,
small_molecule,17-hydroxyprogesterone,"Feuerstein et al., J. Am. Soc. Mass Spectrom. 2022",academic_only,,,"steroid_jasms2022:4-pregnene-17α-ol-3,20-dione",,,,,,,,,,,,,,,,,,,,,,,,,,,,,,,,,,,,205.946,0.566759,sd,,,[M+Na]+,1,positive,TWIMS,,N2,Waters Major Mix,,"four Waters TWIM-MS systems (2x Synapt G2-S/G2-Si, 2x Vion), interlaboratory average, republished from doi:10.1021/acs.analchem.9b05247","Feuerstein et al., J. Am. Soc. Mass Spectrom. 2022",10.1021/jasms.2c00196,"SI_3 sheet S2_Interplatform CCS Database, line 71",12,,academic_only,
small_molecule,17-hydroxyprogesterone,"Feuerstein et al., J. Am. Soc. Mass Spectrom. 2022",academic_only,,,"steroid_jasms2022:4-pregnene-17α-ol-3,20-dione",,,,,,,,,,,,,,,,,,,,,,,,,,,,,,,,,,,,208.46,0.452106,sd,,,[M+Na]+,1,positive,TIMS,,N2,Agilent ESI-L tune mix (G1969-85000),,"timsTOF Pro, TIMCCSN2 calibrated via a linear function","Feuerstein et al., J. Am. Soc. Mass Spectrom. 2022",10.1021/jasms.2c00196,"SI_3 sheet S2_Interplatform CCS Database, line 71",,,academic_only,
small_molecule,17-hydroxyprogesterone,"Feuerstein et al., J. Am. Soc. Mass Spectrom. 2022",academic_only,,,"steroid_jasms2022:4-pregnene-17α-ol-3,20-dione",,,,,,,,,,,,,,,,,,,,,,,,,,,,,,,,,,,,206.6,0.03,sd,,,[M+Na]+,1,positive,DTIMS,single_field,N2,Agilent ESI-L tune mix (G1969-85000),,"Agilent DTIM-MS, single-field calibration, 4-bit","Feuerstein et al., J. Am. Soc. Mass Spectrom. 2022",10.1021/jasms.2c00196,"SI_3 sheet S2_Interplatform CCS Database, line 71",3,,academic_only,
small_molecule,17-hydroxyprogesterone,"Feuerstein et al., J. Am. Soc. Mass Spectrom. 2022",academic_only,,,"steroid_jasms2022:4-pregnene-17α-ol-3,20-dione",,,,,,,,,,,,,,,,,,,,,,,,,,,,,,,,,,,,206.133,0.057735,sd,,,[M+Na]+,1,positive,DTIMS,stepped_field,N2,,,"Agilent DTIM-MS, stepped-field method","Feuerstein et al., J. Am. Soc. Mass Spectrom. 2022",10.1021/jasms.2c00196,"SI_3 sheet S2_Interplatform CCS Database, line 71",3,,academic_only,
small_molecule,testosterone acetate,"Feuerstein et al., J. Am. Soc. Mass Spectrom. 2022",academic_only,,,steroid_jasms2022:4-androstene-17β-ol-3-one acetate,,,,,,,,,,,,,,,,,,,,,,,,,,,,,,,,,,,,184.224,1.20097,sd,,,[M+H]+,1,positive,TWIMS,,N2,Waters Major Mix,,"four Waters TWIM-MS systems (2x Synapt G2-S/G2-Si, 2x Vion), interlaboratory average, republished from doi:10.1021/acs.analchem.9b05247","Feuerstein et al., J. Am. Soc. Mass Spectrom. 2022",10.1021/jasms.2c00196,"SI_3 sheet S2_Interplatform CCS Database, line 72",12,,academic_only,
small_molecule,testosterone acetate,"Feuerstein et al., J. Am. Soc. Mass Spectrom. 2022",academic_only,,,steroid_jasms2022:4-androstene-17β-ol-3-one acetate,,,,,,,,,,,,,,,,,,,,,,,,,,,,,,,,,,,,185.54,0.115326,sd,,,[M+H]+,1,positive,TIMS,,N2,Agilent ESI-L tune mix (G1969-85000),,"timsTOF Pro, TIMCCSN2 calibrated via a linear function","Feuerstein et al., J. Am. Soc. Mass Spectrom. 2022",10.1021/jasms.2c00196,"SI_3 sheet S2_Interplatform CCS Database, line 72",,,academic_only,
small_molecule,testosterone acetate,"Feuerstein et al., J. Am. Soc. Mass Spectrom. 2022",academic_only,,,steroid_jasms2022:4-androstene-17β-ol-3-one acetate,,,,,,,,,,,,,,,,,,,,,,,,,,,,,,,,,,,,186.47,0.05,sd,,,[M+H]+,1,positive,DTIMS,single_field,N2,Agilent ESI-L tune mix (G1969-85000),,"Agilent DTIM-MS, single-field calibration, 4-bit","Feuerstein et al., J. Am. Soc. Mass Spectrom. 2022",10.1021/jasms.2c00196,"SI_3 sheet S2_Interplatform CCS Database, line 72",3,,academic_only,
small_molecule,testosterone acetate,"Feuerstein et al., J. Am. Soc. Mass Spectrom. 2022",academic_only,,,steroid_jasms2022:4-androstene-17β-ol-3-one acetate,,,,,,,,,,,,,,,,,,,,,,,,,,,,,,,,,,,,210.551,0.684029,sd,,,[M+Na]+,1,positive,TWIMS,,N2,Waters Major Mix,,"four Waters TWIM-MS systems (2x Synapt G2-S/G2-Si, 2x Vion), interlaboratory average, republished from doi:10.1021/acs.analchem.9b05247","Feuerstein et al., J. Am. Soc. Mass Spectrom. 2022",10.1021/jasms.2c00196,"SI_3 sheet S2_Interplatform CCS Database, line 73",12,,academic_only,
small_molecule,testosterone acetate,"Feuerstein et al., J. Am. Soc. Mass Spectrom. 2022",academic_only,,,steroid_jasms2022:4-androstene-17β-ol-3-one acetate,,,,,,,,,,,,,,,,,,,,,,,,,,,,,,,,,,,,211.83,0.217945,sd,,,[M+Na]+,1,positive,TIMS,,N2,Agilent ESI-L tune mix (G1969-85000),,"timsTOF Pro, TIMCCSN2 calibrated via a linear function","Feuerstein et al., J. Am. Soc. Mass Spectrom. 2022",10.1021/jasms.2c00196,"SI_3 sheet S2_Interplatform CCS Database, line 73",,,academic_only,
small_molecule,testosterone acetate,"Feuerstein et al., J. Am. Soc. Mass Spectrom. 2022",academic_only,,,steroid_jasms2022:4-androstene-17β-ol-3-one acetate,,,,,,,,,,,,,,,,,,,,,,,,,,,,,,,,,,,,210.45,0.03,sd,,,[M+Na]+,1,positive,DTIMS,single_field,N2,Agilent ESI-L tune mix (G1969-85000),,"Agilent DTIM-MS, single-field calibration, 4-bit","Feuerstein et al., J. Am. Soc. Mass Spectrom. 2022",10.1021/jasms.2c00196,"SI_3 sheet S2_Interplatform CCS Database, line 73",3,,academic_only,
small_molecule,testosterone acetate,"Feuerstein et al., J. Am. Soc. Mass Spectrom. 2022",academic_only,,,steroid_jasms2022:4-androstene-17β-ol-3-one acetate,,,,,,,,,,,,,,,,,,,,,,,,,,,,,,,,,,,,209.997,0.458294,sd,,,[M+Na]+,1,positive,DTIMS,stepped_field,N2,,,"Agilent DTIM-MS, stepped-field method","Feuerstein et al., J. Am. Soc. Mass Spectrom. 2022",10.1021/jasms.2c00196,"SI_3 sheet S2_Interplatform CCS Database, line 73",3,,academic_only,
small_molecule,18-hydroxycortisol,"Feuerstein et al., J. Am. Soc. Mass Spectrom. 2022",academic_only,,,"steroid_jasms2022:4-pregnene-11β,17,18,21-tetrol-3,20-dione",,,,,,,,,,,,,,,,,,,,,,,,,,,,,,,,,,,,187.331,1.6246,sd,,,[M+H]+,1,positive,TWIMS,,N2,Waters Major Mix,,"four Waters TWIM-MS systems (2x Synapt G2-S/G2-Si, 2x Vion), interlaboratory average, republished from doi:10.1021/acs.analchem.9b05247","Feuerstein et al., J. Am. Soc. Mass Spectrom. 2022",10.1021/jasms.2c00196,"SI_3 sheet S2_Interplatform CCS Database, line 74",12,,academic_only,
small_molecule,18-hydroxycortisol,"Feuerstein et al., J. Am. Soc. Mass Spectrom. 2022",academic_only,,,"steroid_jasms2022:4-pregnene-11β,17,18,21-tetrol-3,20-dione",,,,,,,,,,,,,,,,,,,,,,,,,,,,,,,,,,,,189.93,0.430349,sd,,,[M+H]+,1,positive,TIMS,,N2,Agilent ESI-L tune mix (G1969-85000),,"timsTOF Pro, TIMCCSN2 calibrated via a linear function","Feuerstein et al., J. Am. Soc. Mass Spectrom. 2022",10.1021/jasms.2c00196,"SI_3 sheet S2_Interplatform CCS Database, line 74",,,academic_only,
small_molecule,18-hydroxycortisol,"Feuerstein et al., J. Am. Soc. Mass Spectrom. 2022",academic_only,,,"steroid_jasms2022:4-pregnene-11β,17,18,21-tetrol-3,20-dione",,,,,,,,,,,,,,,,,,,,,,,,,,,,,,,,,,,,190.46,0.05,sd,,,[M+H]+,1,positive,DTIMS,single_field,N2,Agilent ESI-L tune mix (G1969-85000),,"Agilent DTIM-MS, single-field calibration, 4-bit","Feuerstein et al., J. Am. Soc. Mass Spectrom. 2022",10.1021/jasms.2c00196,"SI_3 sheet S2_Interplatform CCS Database, line 74",3,,academic_only,
small_molecule,18-hydroxycortisol,"Feuerstein et al., J. Am. Soc. Mass Spectrom. 2022",academic_only,,,"steroid_jasms2022:4-pregnene-11β,17,18,21-tetrol-3,20-dione",,,,,,,,,,,,,,,,,,,,,,,,,,,,,,,,,,,,189.2,0.7,sd,,,[M+H]+,1,positive,DTIMS,stepped_field,N2,,,"Agilent DTIM-MS, stepped-field method","Feuerstein et al., J. Am. Soc. Mass Spectrom. 2022",10.1021/jasms.2c00196,"SI_3 sheet S2_Interplatform CCS Database, line 74",3,,academic_only,
small_molecule,18-hydroxycortisol,"Feuerstein et al., J. Am. Soc. Mass Spectrom. 2022",academic_only,,,"steroid_jasms2022:4-pregnene-11β,17,18,21-tetrol-3,20-dione",,,,,,,,,,,,,,,,,,,,,,,,,,,,,,,,,,,,199.555,2.12308,sd,,,[M+Na]+,1,positive,TWIMS,,N2,Waters Major Mix,,"four Waters TWIM-MS systems (2x Synapt G2-S/G2-Si, 2x Vion), interlaboratory average, republished from doi:10.1021/acs.analchem.9b05247","Feuerstein et al., J. Am. Soc. Mass Spectrom. 2022",10.1021/jasms.2c00196,"SI_3 sheet S2_Interplatform CCS Database, line 75",12,,academic_only,
small_molecule,18-hydroxycortisol,"Feuerstein et al., J. Am. Soc. Mass Spectrom. 2022",academic_only,,,"steroid_jasms2022:4-pregnene-11β,17,18,21-tetrol-3,20-dione",,,,,,,,,,,,,,,,,,,,,,,,,,,,,,,,,,,,201.093,0.335012,sd,,,[M+Na]+,1,positive,TIMS,,N2,Agilent ESI-L tune mix (G1969-85000),,"timsTOF Pro, TIMCCSN2 calibrated via a linear function","Feuerstein et al., J. Am. Soc. Mass Spectrom. 2022",10.1021/jasms.2c00196,"SI_3 sheet S2_Interplatform CCS Database, line 75",,,academic_only,
small_molecule,18-hydroxycortisol,"Feuerstein et al., J. Am. Soc. Mass Spectrom. 2022",academic_only,,,"steroid_jasms2022:4-pregnene-11β,17,18,21-tetrol-3,20-dione",,,,,,,,,,,,,,,,,,,,,,,,,,,,,,,,,,,,201.34,0.01,sd,,,[M+Na]+,1,positive,DTIMS,single_field,N2,Agilent ESI-L tune mix (G1969-85000),,"Agilent DTIM-MS, single-field calibration, 4-bit","Feuerstein et al., J. Am. Soc. Mass Spectrom. 2022",10.1021/jasms.2c00196,"SI_3 sheet S2_Interplatform CCS Database, line 75",3,,academic_only,
small_molecule,18-hydroxycortisol,"Feuerstein et al., J. Am. Soc. Mass Spectrom. 2022",academic_only,,,"steroid_jasms2022:4-pregnene-11β,17,18,21-tetrol-3,20-dione",,,,,,,,,,,,,,,,,,,,,,,,,,,,,,,,,,,,200.8,0.2,sd,,,[M+Na]+,1,positive,DTIMS,stepped_field,N2,,,"Agilent DTIM-MS, stepped-field method","Feuerstein et al., J. Am. Soc. Mass Spectrom. 2022",10.1021/jasms.2c00196,"SI_3 sheet S2_Interplatform CCS Database, line 75",3,,academic_only,
small_molecule,stanozolol,"Feuerstein et al., J. Am. Soc. Mass Spectrom. 2022",academic_only,,,"steroid_jasms2022:5α-androstane-17α-methyl-17β-ol-3,2c-pyrazole",,,,,,,,,,,,,,,,,,,,,,,,,,,,,,,,,,,,189.591,1.59908,sd,,,[M+H]+,1,positive,TWIMS,,N2,Waters Major Mix,,"four Waters TWIM-MS systems (2x Synapt G2-S/G2-Si, 2x Vion), interlaboratory average, republished from doi:10.1021/acs.analchem.9b05247","Feuerstein et al., J. Am. Soc. Mass Spectrom. 2022",10.1021/jasms.2c00196,"SI_3 sheet S2_Interplatform CCS Database, line 76",12,,academic_only,
small_molecule,stanozolol,"Feuerstein et al., J. Am. Soc. Mass Spectrom. 2022",academic_only,,,"steroid_jasms2022:5α-androstane-17α-methyl-17β-ol-3,2c-pyrazole",,,,,,,,,,,,,,,,,,,,,,,,,,,,,,,,,,,,190.94,0.07,sd,,,[M+H]+,1,positive,TIMS,,N2,Agilent ESI-L tune mix (G1969-85000),,"timsTOF Pro, TIMCCSN2 calibrated via a linear function","Feuerstein et al., J. Am. Soc. Mass Spectrom. 2022",10.1021/jasms.2c00196,"SI_3 sheet S2_Interplatform CCS Database, line 76",,,academic_only,
small_molecule,stanozolol,"Feuerstein et al., J. Am. Soc. Mass Spectrom. 2022",academic_only,,,"steroid_jasms2022:5α-androstane-17α-methyl-17β-ol-3,2c-pyrazole",,,,,,,,,,,,,,,,,,,,,,,,,,,,,,,,,,,,191.43,0.05,sd,,,[M+H]+,1,positive,DTIMS,single_field,N2,Agilent ESI-L tune mix (G1969-85000),,"Agilent DTIM-MS, single-field calibration, 4-bit","Feuerstein et al., J. Am. Soc. Mass Spectrom. 2022",10.1021/jasms.2c00196,"SI_3 sheet S2_Interplatform CCS Database, line 76",3,,academic_only,
small_molecule,stanozolol,"Feuerstein et al., J. Am. Soc. Mass Spectrom. 2022",academic_only,,,"steroid_jasms2022:5α-androstane-17α-methyl-17β-ol-3,2c-pyrazole",,,,,,,,,,,,,,,,,,,,,,,,,,,,,,,,,,,,190.427,0.15308,sd,,,[M+H]+,1,positive,DTIMS,stepped_field,N2,,,"Agilent DTIM-MS, stepped-field method","Feuerstein et al., J. Am. Soc. Mass Spectrom. 2022",10.1021/jasms.2c00196,"SI_3 sheet S2_Interplatform CCS Database, line 76",3,,academic_only,
small_molecule,danazol,"Feuerstein et al., J. Am. Soc. Mass Spectrom. 2022",academic_only,,,"steroid_jasms2022:17-α-2,4-pregnadiene-20-yno(2,3-d)isoxazol-17-ol",,,,,,,,,,,,,,,,,,,,,,,,,,,,,,,,,,,,186.395,1.71352,sd,,,[M+H]+,1,positive,TWIMS,,N2,Waters Major Mix,,"four Waters TWIM-MS systems (2x Synapt G2-S/G2-Si, 2x Vion), interlaboratory average, republished from doi:10.1021/acs.analchem.9b05247","Feuerstein et al., J. Am. Soc. Mass Spectrom. 2022",10.1021/jasms.2c00196,"SI_3 sheet S2_Interplatform CCS Database, line 77",12,,academic_only,
small_molecule,danazol,"Feuerstein et al., J. Am. Soc. Mass Spectrom. 2022",academic_only,,,"steroid_jasms2022:17-α-2,4-pregnadiene-20-yno(2,3-d)isoxazol-17-ol",,,,,,,,,,,,,,,,,,,,,,,,,,,,,,,,,,,,187.333,0.10504,sd,,,[M+H]+,1,positive,TIMS,,N2,Agilent ESI-L tune mix (G1969-85000),,"timsTOF Pro, TIMCCSN2 calibrated via a linear function","Feuerstein et al., J. Am. Soc. Mass Spectrom. 2022",10.1021/jasms.2c00196,"SI_3 sheet S2_Interplatform CCS Database, line 77",,,academic_only,
small_molecule,danazol,"Feuerstein et al., J. Am. Soc. Mass Spectrom. 2022",academic_only,,,"steroid_jasms2022:17-α-2,4-pregnadiene-20-yno(2,3-d)isoxazol-17-ol",,,,,,,,,,,,,,,,,,,,,,,,,,,,,,,,,,,,188.17,0.03,sd,,,[M+H]+,1,positive,DTIMS,single_field,N2,Agilent ESI-L tune mix (G1969-85000),,"Agilent DTIM-MS, single-field calibration, 4-bit","Feuerstein et al., J. Am. Soc. Mass Spectrom. 2022",10.1021/jasms.2c00196,"SI_3 sheet S2_Interplatform CCS Database, line 77",3,,academic_only,
small_molecule,flumethasone,"Feuerstein et al., J. Am. Soc. Mass Spectrom. 2022",academic_only,,,"steroid_jasms2022:1,4-pregnadiene-6α,9α-difluoro-16α-methyl-11β,17,21-triol-3,20-dione",,,,,,,,,,,,,,,,,,,,,,,,,,,,,,,,,,,,191.271,1.98324,sd,,,[M+H]+,1,positive,TWIMS,,N2,Waters Major Mix,,"four Waters TWIM-MS systems (2x Synapt G2-S/G2-Si, 2x Vion), interlaboratory average, republished from doi:10.1021/acs.analchem.9b05247","Feuerstein et al., J. Am. Soc. Mass Spectrom. 2022",10.1021/jasms.2c00196,"SI_3 sheet S2_Interplatform CCS Database, line 78",12,,academic_only,
small_molecule,flumethasone,"Feuerstein et al., J. Am. Soc. Mass Spectrom. 2022",academic_only,,,"steroid_jasms2022:1,4-pregnadiene-6α,9α-difluoro-16α-methyl-11β,17,21-triol-3,20-dione",,,,,,,,,,,,,,,,,,,,,,,,,,,,,,,,,,,,192.01,0.052915,sd,,,[M+H]+,1,positive,TIMS,,N2,Agilent ESI-L tune mix (G1969-85000),,"timsTOF Pro, TIMCCSN2 calibrated via a linear function","Feuerstein et al., J. Am. Soc. Mass Spectrom. 2022",10.1021/jasms.2c00196,"SI_3 sheet S2_Interplatform CCS Database, line 78",,,academic_only,
small_molecule,flumethasone,"Feuerstein et al., J. Am. Soc. Mass Spectrom. 2022",academic_only,,,"steroid_jasms2022:1,4-pregnadiene-6α,9α-difluoro-16α-methyl-11β,17,21-triol-3,20-dione",,,,,,,,,,,,,,,,,,,,,,,,,,,,,,,,,,,,192.61,0.04,sd,,,[M+H]+,1,positive,DTIMS,single_field,N2,Agilent ESI-L tune mix (G1969-85000),,"Agilent DTIM-MS, single-field calibration, 4-bit","Feuerstein et al., J. Am. Soc. Mass Spectrom. 2022",10.1021/jasms.2c00196,"SI_3 sheet S2_Interplatform CCS Database, line 78",3,,academic_only,
small_molecule,flumethasone,"Feuerstein et al., J. Am. Soc. Mass Spectrom. 2022",academic_only,,,"steroid_jasms2022:1,4-pregnadiene-6α,9α-difluoro-16α-methyl-11β,17,21-triol-3,20-dione",,,,,,,,,,,,,,,,,,,,,,,,,,,,,,,,,,,,217.713,1.60031,sd,,,[M+Na]+,1,positive,TWIMS,,N2,Waters Major Mix,,"four Waters TWIM-MS systems (2x Synapt G2-S/G2-Si, 2x Vion), interlaboratory average, republished from doi:10.1021/acs.analchem.9b05247","Feuerstein et al., J. Am. Soc. Mass Spectrom. 2022",10.1021/jasms.2c00196,"SI_3 sheet S2_Interplatform CCS Database, line 79",12,,academic_only,
small_molecule,flumethasone,"Feuerstein et al., J. Am. Soc. Mass Spectrom. 2022",academic_only,,,"steroid_jasms2022:1,4-pregnadiene-6α,9α-difluoro-16α-methyl-11β,17,21-triol-3,20-dione",,,,,,,,,,,,,,,,,,,,,,,,,,,,,,,,,,,,218.743,0.196554,sd,,,[M+Na]+,1,positive,TIMS,,N2,Agilent ESI-L tune mix (G1969-85000),,"timsTOF Pro, TIMCCSN2 calibrated via a linear function","Feuerstein et al., J. Am. Soc. Mass Spectrom. 2022",10.1021/jasms.2c00196,"SI_3 sheet S2_Interplatform CCS Database, line 79",,,academic_only,
small_molecule,flumethasone,"Feuerstein et al., J. Am. Soc. Mass Spectrom. 2022",academic_only,,,"steroid_jasms2022:1,4-pregnadiene-6α,9α-difluoro-16α-methyl-11β,17,21-triol-3,20-dione",,,,,,,,,,,,,,,,,,,,,,,,,,,,,,,,,,,,217.13,0.04,sd,,,[M+Na]+,1,positive,DTIMS,single_field,N2,Agilent ESI-L tune mix (G1969-85000),,"Agilent DTIM-MS, single-field calibration, 4-bit","Feuerstein et al., J. Am. Soc. Mass Spectrom. 2022",10.1021/jasms.2c00196,"SI_3 sheet S2_Interplatform CCS Database, line 79",3,,academic_only,
small_molecule,flumethasone,"Feuerstein et al., J. Am. Soc. Mass Spectrom. 2022",academic_only,,,"steroid_jasms2022:1,4-pregnadiene-6α,9α-difluoro-16α-methyl-11β,17,21-triol-3,20-dione",,,,,,,,,,,,,,,,,,,,,,,,,,,,,,,,,,,,216.847,0.110151,sd,,,[M+Na]+,1,positive,DTIMS,stepped_field,N2,,,"Agilent DTIM-MS, stepped-field method","Feuerstein et al., J. Am. Soc. Mass Spectrom. 2022",10.1021/jasms.2c00196,"SI_3 sheet S2_Interplatform CCS Database, line 79",3,,academic_only,
small_molecule,norethindrone acetate,"Feuerstein et al., J. Am. Soc. Mass Spectrom. 2022",academic_only,,,steroid_jasms2022:4-estrene-17α-ethinyl-17β-ol-3-one acetate,,,,,,,,,,,,,,,,,,,,,,,,,,,,,,,,,,,,187.302,0.858274,sd,,,[M+H]+,1,positive,TWIMS,,N2,Waters Major Mix,,"four Waters TWIM-MS systems (2x Synapt G2-S/G2-Si, 2x Vion), interlaboratory average, republished from doi:10.1021/acs.analchem.9b05247","Feuerstein et al., J. Am. Soc. Mass Spectrom. 2022",10.1021/jasms.2c00196,"SI_3 sheet S2_Interplatform CCS Database, line 80",12,,academic_only,
small_molecule,norethindrone acetate,"Feuerstein et al., J. Am. Soc. Mass Spectrom. 2022",academic_only,,,steroid_jasms2022:4-estrene-17α-ethinyl-17β-ol-3-one acetate,,,,,,,,,,,,,,,,,,,,,,,,,,,,,,,,,,,,189.067,0.0814453,sd,,,[M+H]+,1,positive,TIMS,,N2,Agilent ESI-L tune mix (G1969-85000),,"timsTOF Pro, TIMCCSN2 calibrated via a linear function","Feuerstein et al., J. Am. Soc. Mass Spectrom. 2022",10.1021/jasms.2c00196,"SI_3 sheet S2_Interplatform CCS Database, line 80",,,academic_only,
small_molecule,norethindrone acetate,"Feuerstein et al., J. Am. Soc. Mass Spectrom. 2022",academic_only,,,steroid_jasms2022:4-estrene-17α-ethinyl-17β-ol-3-one acetate,,,,,,,,,,,,,,,,,,,,,,,,,,,,,,,,,,,,189.99,0.03,sd,,,[M+H]+,1,positive,DTIMS,single_field,N2,Agilent ESI-L tune mix (G1969-85000),,"Agilent DTIM-MS, single-field calibration, 4-bit","Feuerstein et al., J. Am. Soc. Mass Spectrom. 2022",10.1021/jasms.2c00196,"SI_3 sheet S2_Interplatform CCS Database, line 80",3,,academic_only,
small_molecule,betamethasone,"Feuerstein et al., J. Am. Soc. Mass Spectrom. 2022",academic_only,,,"steroid_jasms2022:1,4-pregnadiene-9α-fluoro-16β-methyl-11β,17,21-triol-3,20-dione",,,,,,,,,,,,,,,,,,,,,,,,,,,,,,,,,,,,214.937,1.61897,sd,,,[M+Na]+,1,positive,TWIMS,,N2,Waters Major Mix,,"four Waters TWIM-MS systems (2x Synapt G2-S/G2-Si, 2x Vion), interlaboratory average, republished from doi:10.1021/acs.analchem.9b05247","Feuerstein et al., J. Am. Soc. Mass Spectrom. 2022",10.1021/jasms.2c00196,"SI_3 sheet S2_Interplatform CCS Database, line 81",12,,academic_only,
small_molecule,betamethasone,"Feuerstein et al., J. Am. Soc. Mass Spectrom. 2022",academic_only,,,"steroid_jasms2022:1,4-pregnadiene-9α-fluoro-16β-methyl-11β,17,21-triol-3,20-dione",,,,,,,,,,,,,,,,,,,,,,,,,,,,,,,,,,,,215.9,0.703136,sd,,,[M+Na]+,1,positive,TIMS,,N2,Agilent ESI-L tune mix (G1969-85000),,"timsTOF Pro, TIMCCSN2 calibrated via a linear function","Feuerstein et al., J. Am. Soc. Mass Spectrom. 2022",10.1021/jasms.2c00196,"SI_3 sheet S2_Interplatform CCS Database, line 81",,,academic_only,
small_molecule,betamethasone,"Feuerstein et al., J. Am. Soc. Mass Spectrom. 2022",academic_only,,,"steroid_jasms2022:1,4-pregnadiene-9α-fluoro-16β-methyl-11β,17,21-triol-3,20-dione",,,,,,,,,,,,,,,,,,,,,,,,,,,,,,,,,,,,215.24,0.04,sd,,,[M+Na]+,1,positive,DTIMS,single_field,N2,Agilent ESI-L tune mix (G1969-85000),,"Agilent DTIM-MS, single-field calibration, 4-bit","Feuerstein et al., J. Am. Soc. Mass Spectrom. 2022",10.1021/jasms.2c00196,"SI_3 sheet S2_Interplatform CCS Database, line 81",3,,academic_only,
small_molecule,betamethasone,"Feuerstein et al., J. Am. Soc. Mass Spectrom. 2022",academic_only,,,"steroid_jasms2022:1,4-pregnadiene-9α-fluoro-16β-methyl-11β,17,21-triol-3,20-dione",,,,,,,,,,,,,,,,,,,,,,,,,,,,,,,,,,,,214.75,0.02,sd,,,[M+Na]+,1,positive,DTIMS,stepped_field,N2,,,"Agilent DTIM-MS, stepped-field method","Feuerstein et al., J. Am. Soc. Mass Spectrom. 2022",10.1021/jasms.2c00196,"SI_3 sheet S2_Interplatform CCS Database, line 81",3,,academic_only,
small_molecule,dexamethasone,"Feuerstein et al., J. Am. Soc. Mass Spectrom. 2022",academic_only,,,"steroid_jasms2022:1,4-pregnadiene-9α-fluoro-16α-methyl-11β,17,21-triol-3,20-dione",,,,,,,,,,,,,,,,,,,,,,,,,,,,,,,,,,,,189.864,1.86773,sd,,,[M+H]+,1,positive,TWIMS,,N2,Waters Major Mix,,"four Waters TWIM-MS systems (2x Synapt G2-S/G2-Si, 2x Vion), interlaboratory average, republished from doi:10.1021/acs.analchem.9b05247","Feuerstein et al., J. Am. Soc. Mass Spectrom. 2022",10.1021/jasms.2c00196,"SI_3 sheet S2_Interplatform CCS Database, line 82",12,,academic_only,
small_molecule,dexamethasone,"Feuerstein et al., J. Am. Soc. Mass Spectrom. 2022",academic_only,,,"steroid_jasms2022:1,4-pregnadiene-9α-fluoro-16α-methyl-11β,17,21-triol-3,20-dione",,,,,,,,,,,,,,,,,,,,,,,,,,,,,,,,,,,,190.83,0.411461,sd,,,[M+H]+,1,positive,TIMS,,N2,Agilent ESI-L tune mix (G1969-85000),,"timsTOF Pro, TIMCCSN2 calibrated via a linear function","Feuerstein et al., J. Am. Soc. Mass Spectrom. 2022",10.1021/jasms.2c00196,"SI_3 sheet S2_Interplatform CCS Database, line 82",,,academic_only,
small_molecule,dexamethasone,"Feuerstein et al., J. Am. Soc. Mass Spectrom. 2022",academic_only,,,"steroid_jasms2022:1,4-pregnadiene-9α-fluoro-16α-methyl-11β,17,21-triol-3,20-dione",,,,,,,,,,,,,,,,,,,,,,,,,,,,,,,,,,,,191.2,0.03,sd,,,[M+H]+,1,positive,DTIMS,single_field,N2,Agilent ESI-L tune mix (G1969-85000),,"Agilent DTIM-MS, single-field calibration, 4-bit","Feuerstein et al., J. Am. Soc. Mass Spectrom. 2022",10.1021/jasms.2c00196,"SI_3 sheet S2_Interplatform CCS Database, line 82",3,,academic_only,
small_molecule,dexamethasone,"Feuerstein et al., J. Am. Soc. Mass Spectrom. 2022",academic_only,,,"steroid_jasms2022:1,4-pregnadiene-9α-fluoro-16α-methyl-11β,17,21-triol-3,20-dione",,,,,,,,,,,,,,,,,,,,,,,,,,,,,,,,,,,,215.608,1.54728,sd,,,[M+Na]+,1,positive,TWIMS,,N2,Waters Major Mix,,"four Waters TWIM-MS systems (2x Synapt G2-S/G2-Si, 2x Vion), interlaboratory average, republished from doi:10.1021/acs.analchem.9b05247","Feuerstein et al., J. Am. Soc. Mass Spectrom. 2022",10.1021/jasms.2c00196,"SI_3 sheet S2_Interplatform CCS Database, line 83",12,,academic_only,
small_molecule,dexamethasone,"Feuerstein et al., J. Am. Soc. Mass Spectrom. 2022",academic_only,,,"steroid_jasms2022:1,4-pregnadiene-9α-fluoro-16α-methyl-11β,17,21-triol-3,20-dione",,,,,,,,,,,,,,,,,,,,,,,,,,,,,,,,,,,,216.653,0.351188,sd,,,[M+Na]+,1,positive,TIMS,,N2,Agilent ESI-L tune mix (G1969-85000),,"timsTOF Pro, TIMCCSN2 calibrated via a linear function","Feuerstein et al., J. Am. Soc. Mass Spectrom. 2022",10.1021/jasms.2c00196,"SI_3 sheet S2_Interplatform CCS Database, line 83",,,academic_only,
small_molecule,dexamethasone,"Feuerstein et al., J. Am. Soc. Mass Spectrom. 2022",academic_only,,,"steroid_jasms2022:1,4-pregnadiene-9α-fluoro-16α-methyl-11β,17,21-triol-3,20-dione",,,,,,,,,,,,,,,,,,,,,,,,,,,,,,,,,,,,215.48,0.02,sd,,,[M+Na]+,1,positive,DTIMS,single_field,N2,Agilent ESI-L tune mix (G1969-85000),,"Agilent DTIM-MS, single-field calibration, 4-bit","Feuerstein et al., J. Am. Soc. Mass Spectrom. 2022",10.1021/jasms.2c00196,"SI_3 sheet S2_Interplatform CCS Database, line 83",3,,academic_only,
small_molecule,dexamethasone,"Feuerstein et al., J. Am. Soc. Mass Spectrom. 2022",academic_only,,,"steroid_jasms2022:1,4-pregnadiene-9α-fluoro-16α-methyl-11β,17,21-triol-3,20-dione",,,,,,,,,,,,,,,,,,,,,,,,,,,,,,,,,,,,214.967,0.251661,sd,,,[M+Na]+,1,positive,DTIMS,stepped_field,N2,,,"Agilent DTIM-MS, stepped-field method","Feuerstein et al., J. Am. Soc. Mass Spectrom. 2022",10.1021/jasms.2c00196,"SI_3 sheet S2_Interplatform CCS Database, line 83",3,,academic_only,
small_molecule,boldenone propionate,"Feuerstein et al., J. Am. Soc. Mass Spectrom. 2022",academic_only,,,"steroid_jasms2022:1,4-androstadiene-17β-ol-3-one propionate",,,,,,,,,,,,,,,,,,,,,,,,,,,,,,,,,,,,187.096,1.06392,sd,,,[M+H]+,1,positive,TWIMS,,N2,Waters Major Mix,,"four Waters TWIM-MS systems (2x Synapt G2-S/G2-Si, 2x Vion), interlaboratory average, republished from doi:10.1021/acs.analchem.9b05247","Feuerstein et al., J. Am. Soc. Mass Spectrom. 2022",10.1021/jasms.2c00196,"SI_3 sheet S2_Interplatform CCS Database, line 84",12,,academic_only,
small_molecule,boldenone propionate,"Feuerstein et al., J. Am. Soc. Mass Spectrom. 2022",academic_only,,,"steroid_jasms2022:1,4-androstadiene-17β-ol-3-one propionate",,,,,,,,,,,,,,,,,,,,,,,,,,,,,,,,,,,,188.647,0.115902,sd,,,[M+H]+,1,positive,TIMS,,N2,Agilent ESI-L tune mix (G1969-85000),,"timsTOF Pro, TIMCCSN2 calibrated via a linear function","Feuerstein et al., J. Am. Soc. Mass Spectrom. 2022",10.1021/jasms.2c00196,"SI_3 sheet S2_Interplatform CCS Database, line 84",,,academic_only,
small_molecule,boldenone propionate,"Feuerstein et al., J. Am. Soc. Mass Spectrom. 2022",academic_only,,,"steroid_jasms2022:1,4-androstadiene-17β-ol-3-one propionate",,,,,,,,,,,,,,,,,,,,,,,,,,,,,,,,,,,,189.54,0.02,sd,,,[M+H]+,1,positive,DTIMS,single_field,N2,Agilent ESI-L tune mix (G1969-85000),,"Agilent DTIM-MS, single-field calibration, 4-bit","Feuerstein et al., J. Am. Soc. Mass Spectrom. 2022",10.1021/jasms.2c00196,"SI_3 sheet S2_Interplatform CCS Database, line 84",3,,academic_only,
small_molecule,boldenone propionate,"Feuerstein et al., J. Am. Soc. Mass Spectrom. 2022",academic_only,,,"steroid_jasms2022:1,4-androstadiene-17β-ol-3-one propionate",,,,,,,,,,,,,,,,,,,,,,,,,,,,,,,,,,,,213.474,0.759817,sd,,,[M+Na]+,1,positive,TWIMS,,N2,Waters Major Mix,,"four Waters TWIM-MS systems (2x Synapt G2-S/G2-Si, 2x Vion), interlaboratory average, republished from doi:10.1021/acs.analchem.9b05247","Feuerstein et al., J. Am. Soc. Mass Spectrom. 2022",10.1021/jasms.2c00196,"SI_3 sheet S2_Interplatform CCS Database, line 85",12,,academic_only,
small_molecule,boldenone propionate,"Feuerstein et al., J. Am. Soc. Mass Spectrom. 2022",academic_only,,,"steroid_jasms2022:1,4-androstadiene-17β-ol-3-one propionate",,,,,,,,,,,,,,,,,,,,,,,,,,,,,,,,,,,,214.743,0.196299,sd,,,[M+Na]+,1,positive,TIMS,,N2,Agilent ESI-L tune mix (G1969-85000),,"timsTOF Pro, TIMCCSN2 calibrated via a linear function","Feuerstein et al., J. Am. Soc. Mass Spectrom. 2022",10.1021/jasms.2c00196,"SI_3 sheet S2_Interplatform CCS Database, line 85",,,academic_only,
small_molecule,boldenone propionate,"Feuerstein et al., J. Am. Soc. Mass Spectrom. 2022",academic_only,,,"steroid_jasms2022:1,4-androstadiene-17β-ol-3-one propionate",,,,,,,,,,,,,,,,,,,,,,,,,,,,,,,,,,,,214,0.04,sd,,,[M+Na]+,1,positive,DTIMS,single_field,N2,Agilent ESI-L tune mix (G1969-85000),,"Agilent DTIM-MS, single-field calibration, 4-bit","Feuerstein et al., J. Am. Soc. Mass Spectrom. 2022",10.1021/jasms.2c00196,"SI_3 sheet S2_Interplatform CCS Database, line 85",3,,academic_only,
small_molecule,boldenone propionate,"Feuerstein et al., J. Am. Soc. Mass Spectrom. 2022",academic_only,,,"steroid_jasms2022:1,4-androstadiene-17β-ol-3-one propionate",,,,,,,,,,,,,,,,,,,,,,,,,,,,,,,,,,,,213.843,0.356417,sd,,,[M+Na]+,1,positive,DTIMS,stepped_field,N2,,,"Agilent DTIM-MS, stepped-field method","Feuerstein et al., J. Am. Soc. Mass Spectrom. 2022",10.1021/jasms.2c00196,"SI_3 sheet S2_Interplatform CCS Database, line 85",3,,academic_only,
small_molecule,6α-methylprednisolone,"Feuerstein et al., J. Am. Soc. Mass Spectrom. 2022",academic_only,,,"steroid_jasms2022:1,4-pregnadiene-6α-methyl-11β,17α,21-triol-3,20-one",,,,,,,,,,,,,,,,,,,,,,,,,,,,,,,,,,,,189.386,1.74398,sd,,,[M+H]+,1,positive,TWIMS,,N2,Waters Major Mix,,"four Waters TWIM-MS systems (2x Synapt G2-S/G2-Si, 2x Vion), interlaboratory average, republished from doi:10.1021/acs.analchem.9b05247","Feuerstein et al., J. Am. Soc. Mass Spectrom. 2022",10.1021/jasms.2c00196,"SI_3 sheet S2_Interplatform CCS Database, line 86",12,,academic_only,
small_molecule,6α-methylprednisolone,"Feuerstein et al., J. Am. Soc. Mass Spectrom. 2022",academic_only,,,"steroid_jasms2022:1,4-pregnadiene-6α-methyl-11β,17α,21-triol-3,20-one",,,,,,,,,,,,,,,,,,,,,,,,,,,,,,,,,,,,190.413,0.125831,sd,,,[M+H]+,1,positive,TIMS,,N2,Agilent ESI-L tune mix (G1969-85000),,"timsTOF Pro, TIMCCSN2 calibrated via a linear function","Feuerstein et al., J. Am. Soc. Mass Spectrom. 2022",10.1021/jasms.2c00196,"SI_3 sheet S2_Interplatform CCS Database, line 86",,,academic_only,
small_molecule,6α-methylprednisolone,"Feuerstein et al., J. Am. Soc. Mass Spectrom. 2022",academic_only,,,"steroid_jasms2022:1,4-pregnadiene-6α-methyl-11β,17α,21-triol-3,20-one",,,,,,,,,,,,,,,,,,,,,,,,,,,,,,,,,,,,190.26,0.02,sd,,,[M+H]+,1,positive,DTIMS,single_field,N2,Agilent ESI-L tune mix (G1969-85000),,"Agilent DTIM-MS, single-field calibration, 4-bit","Feuerstein et al., J. Am. Soc. Mass Spectrom. 2022",10.1021/jasms.2c00196,"SI_3 sheet S2_Interplatform CCS Database, line 86",3,,academic_only,
small_molecule,6α-methylprednisolone,"Feuerstein et al., J. Am. Soc. Mass Spectrom. 2022",academic_only,,,"steroid_jasms2022:1,4-pregnadiene-6α-methyl-11β,17α,21-triol-3,20-one",,,,,,,,,,,,,,,,,,,,,,,,,,,,,,,,,,,,214.391,0.90667,sd,,,[M+Na]+,1,positive,TWIMS,,N2,Waters Major Mix,,"four Waters TWIM-MS systems (2x Synapt G2-S/G2-Si, 2x Vion), interlaboratory average, republished from doi:10.1021/acs.analchem.9b05247","Feuerstein et al., J. Am. Soc. Mass Spectrom. 2022",10.1021/jasms.2c00196,"SI_3 sheet S2_Interplatform CCS Database, line 87",12,,academic_only,
small_molecule,6α-methylprednisolone,"Feuerstein et al., J. Am. Soc. Mass Spectrom. 2022",academic_only,,,"steroid_jasms2022:1,4-pregnadiene-6α-methyl-11β,17α,21-triol-3,20-one",,,,,,,,,,,,,,,,,,,,,,,,,,,,,,,,,,,,215.56,0.277308,sd,,,[M+Na]+,1,positive,TIMS,,N2,Agilent ESI-L tune mix (G1969-85000),,"timsTOF Pro, TIMCCSN2 calibrated via a linear function","Feuerstein et al., J. Am. Soc. Mass Spectrom. 2022",10.1021/jasms.2c00196,"SI_3 sheet S2_Interplatform CCS Database, line 87",,,academic_only,
small_molecule,6α-methylprednisolone,"Feuerstein et al., J. Am. Soc. Mass Spectrom. 2022",academic_only,,,"steroid_jasms2022:1,4-pregnadiene-6α-methyl-11β,17α,21-triol-3,20-one",,,,,,,,,,,,,,,,,,,,,,,,,,,,,,,,,,,,215.08,0.03,sd,,,[M+Na]+,1,positive,DTIMS,single_field,N2,Agilent ESI-L tune mix (G1969-85000),,"Agilent DTIM-MS, single-field calibration, 4-bit","Feuerstein et al., J. Am. Soc. Mass Spectrom. 2022",10.1021/jasms.2c00196,"SI_3 sheet S2_Interplatform CCS Database, line 87",3,,academic_only,
small_molecule,6α-methylprednisolone,"Feuerstein et al., J. Am. Soc. Mass Spectrom. 2022",academic_only,,,"steroid_jasms2022:1,4-pregnadiene-6α-methyl-11β,17α,21-triol-3,20-one",,,,,,,,,,,,,,,,,,,,,,,,,,,,,,,,,,,,214.563,0.145029,sd,,,[M+Na]+,1,positive,DTIMS,stepped_field,N2,,,"Agilent DTIM-MS, stepped-field method","Feuerstein et al., J. Am. Soc. Mass Spectrom. 2022",10.1021/jasms.2c00196,"SI_3 sheet S2_Interplatform CCS Database, line 87",3,,academic_only,
small_molecule,medroxyprogesterone,"Feuerstein et al., J. Am. Soc. Mass Spectrom. 2022",academic_only,,,"steroid_jasms2022:4-pregnene-6α-methyl-17-ol-3,20-dione",,,,,,,,,,,,,,,,,,,,,,,,,,,,,,,,,,,,185.585,1.20907,sd,,,[M+H]+,1,positive,TWIMS,,N2,Waters Major Mix,,"four Waters TWIM-MS systems (2x Synapt G2-S/G2-Si, 2x Vion), interlaboratory average, republished from doi:10.1021/acs.analchem.9b05247","Feuerstein et al., J. Am. Soc. Mass Spectrom. 2022",10.1021/jasms.2c00196,"SI_3 sheet S2_Interplatform CCS Database, line 88",12,,academic_only,
small_molecule,medroxyprogesterone,"Feuerstein et al., J. Am. Soc. Mass Spectrom. 2022",academic_only,,,"steroid_jasms2022:4-pregnene-6α-methyl-17-ol-3,20-dione",,,,,,,,,,,,,,,,,,,,,,,,,,,,,,,,,,,,186.6,0.0458258,sd,,,[M+H]+,1,positive,TIMS,,N2,Agilent ESI-L tune mix (G1969-85000),,"timsTOF Pro, TIMCCSN2 calibrated via a linear function","Feuerstein et al., J. Am. Soc. Mass Spectrom. 2022",10.1021/jasms.2c00196,"SI_3 sheet S2_Interplatform CCS Database, line 88",,,academic_only,
small_molecule,medroxyprogesterone,"Feuerstein et al., J. Am. Soc. Mass Spectrom. 2022",academic_only,,,"steroid_jasms2022:4-pregnene-6α-methyl-17-ol-3,20-dione",,,,,,,,,,,,,,,,,,,,,,,,,,,,,,,,,,,,187.36,0.01,sd,,,[M+H]+,1,positive,DTIMS,single_field,N2,Agilent ESI-L tune mix (G1969-85000),,"Agilent DTIM-MS, single-field calibration, 4-bit","Feuerstein et al., J. Am. Soc. Mass Spectrom. 2022",10.1021/jasms.2c00196,"SI_3 sheet S2_Interplatform CCS Database, line 88",3,,academic_only,
small_molecule,medroxyprogesterone,"Feuerstein et al., J. Am. Soc. Mass Spectrom. 2022",academic_only,,,"steroid_jasms2022:4-pregnene-6α-methyl-17-ol-3,20-dione",,,,,,,,,,,,,,,,,,,,,,,,,,,,,,,,,,,,210.287,0.998063,sd,,,[M+Na]+,1,positive,TWIMS,,N2,Waters Major Mix,,"four Waters TWIM-MS systems (2x Synapt G2-S/G2-Si, 2x Vion), interlaboratory average, republished from doi:10.1021/acs.analchem.9b05247","Feuerstein et al., J. Am. Soc. Mass Spectrom. 2022",10.1021/jasms.2c00196,"SI_3 sheet S2_Interplatform CCS Database, line 89",12,,academic_only,
small_molecule,medroxyprogesterone,"Feuerstein et al., J. Am. Soc. Mass Spectrom. 2022",academic_only,,,"steroid_jasms2022:4-pregnene-6α-methyl-17-ol-3,20-dione",,,,,,,,,,,,,,,,,,,,,,,,,,,,,,,,,,,,211.653,0.497024,sd,,,[M+Na]+,1,positive,TIMS,,N2,Agilent ESI-L tune mix (G1969-85000),,"timsTOF Pro, TIMCCSN2 calibrated via a linear function","Feuerstein et al., J. Am. Soc. Mass Spectrom. 2022",10.1021/jasms.2c00196,"SI_3 sheet S2_Interplatform CCS Database, line 89",,,academic_only,
small_molecule,medroxyprogesterone,"Feuerstein et al., J. Am. Soc. Mass Spectrom. 2022",academic_only,,,"steroid_jasms2022:4-pregnene-6α-methyl-17-ol-3,20-dione",,,,,,,,,,,,,,,,,,,,,,,,,,,,,,,,,,,,210.59,0.02,sd,,,[M+Na]+,1,positive,DTIMS,single_field,N2,Agilent ESI-L tune mix (G1969-85000),,"Agilent DTIM-MS, single-field calibration, 4-bit","Feuerstein et al., J. Am. Soc. Mass Spectrom. 2022",10.1021/jasms.2c00196,"SI_3 sheet S2_Interplatform CCS Database, line 89",3,,academic_only,
small_molecule,medroxyprogesterone,"Feuerstein et al., J. Am. Soc. Mass Spectrom. 2022",academic_only,,,"steroid_jasms2022:4-pregnene-6α-methyl-17-ol-3,20-dione",,,,,,,,,,,,,,,,,,,,,,,,,,,,,,,,,,,,210.367,0.152753,sd,,,[M+Na]+,1,positive,DTIMS,stepped_field,N2,,,"Agilent DTIM-MS, stepped-field method","Feuerstein et al., J. Am. Soc. Mass Spectrom. 2022",10.1021/jasms.2c00196,"SI_3 sheet S2_Interplatform CCS Database, line 89",3,,academic_only,
small_molecule,cortisol 21-acetate/ hydrocortisone acetate,"Feuerstein et al., J. Am. Soc. Mass Spectrom. 2022",academic_only,,,"steroid_jasms2022:4-pregnene-11β,17,21-triol-3,20-dione 21-acetate",,,,,,,,,,,,,,,,,,,,,,,,,,,,,,,,,,,,196.5,2.02872,sd,,,[M+H]+,1,positive,TWIMS,,N2,Waters Major Mix,,"four Waters TWIM-MS systems (2x Synapt G2-S/G2-Si, 2x Vion), interlaboratory average, republished from doi:10.1021/acs.analchem.9b05247","Feuerstein et al., J. Am. Soc. Mass Spectrom. 2022",10.1021/jasms.2c00196,"SI_3 sheet S2_Interplatform CCS Database, line 90",12,,academic_only,
small_molecule,cortisol 21-acetate/ hydrocortisone acetate,"Feuerstein et al., J. Am. Soc. Mass Spectrom. 2022",academic_only,,,"steroid_jasms2022:4-pregnene-11β,17,21-triol-3,20-dione 21-acetate",,,,,,,,,,,,,,,,,,,,,,,,,,,,,,,,,,,,198.57,0.399625,sd,,,[M+H]+,1,positive,TIMS,,N2,Agilent ESI-L tune mix (G1969-85000),,"timsTOF Pro, TIMCCSN2 calibrated via a linear function","Feuerstein et al., J. Am. Soc. Mass Spectrom. 2022",10.1021/jasms.2c00196,"SI_3 sheet S2_Interplatform CCS Database, line 90",,,academic_only,
small_molecule,cortisol 21-acetate/ hydrocortisone acetate,"Feuerstein et al., J. Am. Soc. Mass Spectrom. 2022",academic_only,,,"steroid_jasms2022:4-pregnene-11β,17,21-triol-3,20-dione 21-acetate",,,,,,,,,,,,,,,,,,,,,,,,,,,,,,,,,,,,199.1,0.03,sd,,,[M+H]+,1,positive,DTIMS,single_field,N2,Agilent ESI-L tune mix (G1969-85000),,"Agilent DTIM-MS, single-field calibration, 4-bit","Feuerstein et al., J. Am. Soc. Mass Spectrom. 2022",10.1021/jasms.2c00196,"SI_3 sheet S2_Interplatform CCS Database, line 90",3,,academic_only,
small_molecule,cortisol 21-acetate/ hydrocortisone acetate,"Feuerstein et al., J. Am. Soc. Mass Spectrom. 2022",academic_only,,,"steroid_jasms2022:4-pregnene-11β,17,21-triol-3,20-dione 21-acetate",,,,,,,,,,,,,,,,,,,,,,,,,,,,,,,,,,,,199.767,0.404145,sd,,,[M+H]+,1,positive,DTIMS,stepped_field,N2,,,"Agilent DTIM-MS, stepped-field method","Feuerstein et al., J. Am. Soc. Mass Spectrom. 2022",10.1021/jasms.2c00196,"SI_3 sheet S2_Interplatform CCS Database, line 90",3,,academic_only,
small_molecule,cortisol 21-acetate/ hydrocortisone acetate,"Feuerstein et al., J. Am. Soc. Mass Spectrom. 2022",academic_only,,,"steroid_jasms2022:4-pregnene-11β,17,21-triol-3,20-dione 21-acetate",,,,,,,,,,,,,,,,,,,,,,,,,,,,,,,,,,,,202.965,2.6483,sd,,,[M+Na]+,1,positive,TWIMS,,N2,Waters Major Mix,,"four Waters TWIM-MS systems (2x Synapt G2-S/G2-Si, 2x Vion), interlaboratory average, republished from doi:10.1021/acs.analchem.9b05247","Feuerstein et al., J. Am. Soc. Mass Spectrom. 2022",10.1021/jasms.2c00196,"SI_3 sheet S2_Interplatform CCS Database, line 91",12,,academic_only,
small_molecule,cortisol 21-acetate/ hydrocortisone acetate,"Feuerstein et al., J. Am. Soc. Mass Spectrom. 2022",academic_only,,,"steroid_jasms2022:4-pregnene-11β,17,21-triol-3,20-dione 21-acetate",,,,,,,,,,,,,,,,,,,,,,,,,,,,,,,,,,,,202.74,0.524214,sd,,,[M+Na]+,1,positive,TIMS,,N2,Agilent ESI-L tune mix (G1969-85000),,"timsTOF Pro, TIMCCSN2 calibrated via a linear function","Feuerstein et al., J. Am. Soc. Mass Spectrom. 2022",10.1021/jasms.2c00196,"SI_3 sheet S2_Interplatform CCS Database, line 91",,,academic_only,
small_molecule,cortisol 21-acetate/ hydrocortisone acetate,"Feuerstein et al., J. Am. Soc. Mass Spectrom. 2022",academic_only,,,"steroid_jasms2022:4-pregnene-11β,17,21-triol-3,20-dione 21-acetate",,,,,,,,,,,,,,,,,,,,,,,,,,,,,,,,,,,,202.61,0.03,sd,,,[M+Na]+,1,positive,DTIMS,single_field,N2,Agilent ESI-L tune mix (G1969-85000),,"Agilent DTIM-MS, single-field calibration, 4-bit","Feuerstein et al., J. Am. Soc. Mass Spectrom. 2022",10.1021/jasms.2c00196,"SI_3 sheet S2_Interplatform CCS Database, line 91",3,,academic_only,
small_molecule,cortisol 21-acetate/ hydrocortisone acetate,"Feuerstein et al., J. Am. Soc. Mass Spectrom. 2022",academic_only,,,"steroid_jasms2022:4-pregnene-11β,17,21-triol-3,20-dione 21-acetate",,,,,,,,,,,,,,,,,,,,,,,,,,,,,,,,,,,,201.667,0.378594,sd,,,[M+Na]+,1,positive,DTIMS,stepped_field,N2,,,"Agilent DTIM-MS, stepped-field method","Feuerstein et al., J. Am. Soc. Mass Spectrom. 2022",10.1021/jasms.2c00196,"SI_3 sheet S2_Interplatform CCS Database, line 91",3,,academic_only,
small_molecule,flunisolide,"Feuerstein et al., J. Am. Soc. Mass Spectrom. 2022",academic_only,,,"steroid_jasms2022:1,4-pregnadiene-6-fluoro-11β,16α,17,21-tetrol-3,20-dione acetonide",,,,,,,,,,,,,,,,,,,,,,,,,,,,,,,,,,,,201.042,1.6269,sd,,,[M+H]+,1,positive,TWIMS,,N2,Waters Major Mix,,"four Waters TWIM-MS systems (2x Synapt G2-S/G2-Si, 2x Vion), interlaboratory average, republished from doi:10.1021/acs.analchem.9b05247","Feuerstein et al., J. Am. Soc. Mass Spectrom. 2022",10.1021/jasms.2c00196,"SI_3 sheet S2_Interplatform CCS Database, line 92",12,,academic_only,
small_molecule,flunisolide,"Feuerstein et al., J. Am. Soc. Mass Spectrom. 2022",academic_only,,,"steroid_jasms2022:1,4-pregnadiene-6-fluoro-11β,16α,17,21-tetrol-3,20-dione acetonide",,,,,,,,,,,,,,,,,,,,,,,,,,,,,,,,,,,,201.613,0.0665833,sd,,,[M+H]+,1,positive,TIMS,,N2,Agilent ESI-L tune mix (G1969-85000),,"timsTOF Pro, TIMCCSN2 calibrated via a linear function","Feuerstein et al., J. Am. Soc. Mass Spectrom. 2022",10.1021/jasms.2c00196,"SI_3 sheet S2_Interplatform CCS Database, line 92",,,academic_only,
small_molecule,flunisolide,"Feuerstein et al., J. Am. Soc. Mass Spectrom. 2022",academic_only,,,"steroid_jasms2022:1,4-pregnadiene-6-fluoro-11β,16α,17,21-tetrol-3,20-dione acetonide",,,,,,,,,,,,,,,,,,,,,,,,,,,,,,,,,,,,202.18,0.04,sd,,,[M+H]+,1,positive,DTIMS,single_field,N2,Agilent ESI-L tune mix (G1969-85000),,"Agilent DTIM-MS, single-field calibration, 4-bit","Feuerstein et al., J. Am. Soc. Mass Spectrom. 2022",10.1021/jasms.2c00196,"SI_3 sheet S2_Interplatform CCS Database, line 92",3,,academic_only,
small_molecule,flunisolide,"Feuerstein et al., J. Am. Soc. Mass Spectrom. 2022",academic_only,,,"steroid_jasms2022:1,4-pregnadiene-6-fluoro-11β,16α,17,21-tetrol-3,20-dione acetonide",,,,,,,,,,,,,,,,,,,,,,,,,,,,,,,,,,,,227.722,1.80912,sd,,,[M+Na]+,1,positive,TWIMS,,N2,Waters Major Mix,,"four Waters TWIM-MS systems (2x Synapt G2-S/G2-Si, 2x Vion), interlaboratory average, republished from doi:10.1021/acs.analchem.9b05247","Feuerstein et al., J. Am. Soc. Mass Spectrom. 2022",10.1021/jasms.2c00196,"SI_3 sheet S2_Interplatform CCS Database, line 93",12,,academic_only,
small_molecule,flunisolide,"Feuerstein et al., J. Am. Soc. Mass Spectrom. 2022",academic_only,,,"steroid_jasms2022:1,4-pregnadiene-6-fluoro-11β,16α,17,21-tetrol-3,20-dione acetonide",,,,,,,,,,,,,,,,,,,,,,,,,,,,,,,,,,,,226.907,0.188237,sd,,,[M+Na]+,1,positive,TIMS,,N2,Agilent ESI-L tune mix (G1969-85000),,"timsTOF Pro, TIMCCSN2 calibrated via a linear function","Feuerstein et al., J. Am. Soc. Mass Spectrom. 2022",10.1021/jasms.2c00196,"SI_3 sheet S2_Interplatform CCS Database, line 93",,,academic_only,
small_molecule,flunisolide,"Feuerstein et al., J. Am. Soc. Mass Spectrom. 2022",academic_only,,,"steroid_jasms2022:1,4-pregnadiene-6-fluoro-11β,16α,17,21-tetrol-3,20-dione acetonide",,,,,,,,,,,,,,,,,,,,,,,,,,,,,,,,,,,,226.13,0.04,sd,,,[M+Na]+,1,positive,DTIMS,single_field,N2,Agilent ESI-L tune mix (G1969-85000),,"Agilent DTIM-MS, single-field calibration, 4-bit","Feuerstein et al., J. Am. Soc. Mass Spectrom. 2022",10.1021/jasms.2c00196,"SI_3 sheet S2_Interplatform CCS Database, line 93",3,,academic_only,
small_molecule,triamcinolone acetonide,"Feuerstein et al., J. Am. Soc. Mass Spectrom. 2022",academic_only,,,"steroid_jasms2022:pregna-1,4-diene-3,20-dione, 9-fluoro-11,21-dihydroxy-16,17-((1-methylethylidene)bis(oxy))-, (11β,16α)-",,,,,,,,,,,,,,,,,,,,,,,,,,,,,,,,,,,,199.961,1.78792,sd,,,[M+H]+,1,positive,TWIMS,,N2,Waters Major Mix,,"four Waters TWIM-MS systems (2x Synapt G2-S/G2-Si, 2x Vion), interlaboratory average, republished from doi:10.1021/acs.analchem.9b05247","Feuerstein et al., J. Am. Soc. Mass Spectrom. 2022",10.1021/jasms.2c00196,"SI_3 sheet S2_Interplatform CCS Database, line 94",12,,academic_only,
small_molecule,triamcinolone acetonide,"Feuerstein et al., J. Am. Soc. Mass Spectrom. 2022",academic_only,,,"steroid_jasms2022:pregna-1,4-diene-3,20-dione, 9-fluoro-11,21-dihydroxy-16,17-((1-methylethylidene)bis(oxy))-, (11β,16α)-",,,,,,,,,,,,,,,,,,,,,,,,,,,,,,,,,,,,200.443,0.355012,sd,,,[M+H]+,1,positive,TIMS,,N2,Agilent ESI-L tune mix (G1969-85000),,"timsTOF Pro, TIMCCSN2 calibrated via a linear function","Feuerstein et al., J. Am. Soc. Mass Spectrom. 2022",10.1021/jasms.2c00196,"SI_3 sheet S2_Interplatform CCS Database, line 94",,,academic_only,
small_molecule,triamcinolone acetonide,"Feuerstein et al., J. Am. Soc. Mass Spectrom. 2022",academic_only,,,"steroid_jasms2022:pregna-1,4-diene-3,20-dione, 9-fluoro-11,21-dihydroxy-16,17-((1-methylethylidene)bis(oxy))-, (11β,16α)-",,,,,,,,,,,,,,,,,,,,,,,,,,,,,,,,,,,,200.77,0.05,sd,,,[M+H]+,1,positive,DTIMS,single_field,N2,Agilent ESI-L tune mix (G1969-85000),,"Agilent DTIM-MS, single-field calibration, 4-bit","Feuerstein et al., J. Am. Soc. Mass Spectrom. 2022",10.1021/jasms.2c00196,"SI_3 sheet S2_Interplatform CCS Database, line 94",3,,academic_only,
small_molecule,triamcinolone acetonide,"Feuerstein et al., J. Am. Soc. Mass Spectrom. 2022",academic_only,,,"steroid_jasms2022:pregna-1,4-diene-3,20-dione, 9-fluoro-11,21-dihydroxy-16,17-((1-methylethylidene)bis(oxy))-, (11β,16α)-",,,,,,,,,,,,,,,,,,,,,,,,,,,,,,,,,,,,225.389,1.08274,sd,,,[M+Na]+,1,positive,TWIMS,,N2,Waters Major Mix,,"four Waters TWIM-MS systems (2x Synapt G2-S/G2-Si, 2x Vion), interlaboratory average, republished from doi:10.1021/acs.analchem.9b05247","Feuerstein et al., J. Am. Soc. Mass Spectrom. 2022",10.1021/jasms.2c00196,"SI_3 sheet S2_Interplatform CCS Database, line 95",12,,academic_only,
small_molecule,triamcinolone acetonide,"Feuerstein et al., J. Am. Soc. Mass Spectrom. 2022",academic_only,,,"steroid_jasms2022:pregna-1,4-diene-3,20-dione, 9-fluoro-11,21-dihydroxy-16,17-((1-methylethylidene)bis(oxy))-, (11β,16α)-",,,,,,,,,,,,,,,,,,,,,,,,,,,,,,,,,,,,225.743,0.500633,sd,,,[M+Na]+,1,positive,TIMS,,N2,Agilent ESI-L tune mix (G1969-85000),,"timsTOF Pro, TIMCCSN2 calibrated via a linear function","Feuerstein et al., J. Am. Soc. Mass Spectrom. 2022",10.1021/jasms.2c00196,"SI_3 sheet S2_Interplatform CCS Database, line 95",,,academic_only,
small_molecule,triamcinolone acetonide,"Feuerstein et al., J. Am. Soc. Mass Spectrom. 2022",academic_only,,,"steroid_jasms2022:pregna-1,4-diene-3,20-dione, 9-fluoro-11,21-dihydroxy-16,17-((1-methylethylidene)bis(oxy))-, (11β,16α)-",,,,,,,,,,,,,,,,,,,,,,,,,,,,,,,,,,,,224.63,0.03,sd,,,[M+Na]+,1,positive,DTIMS,single_field,N2,Agilent ESI-L tune mix (G1969-85000),,"Agilent DTIM-MS, single-field calibration, 4-bit","Feuerstein et al., J. Am. Soc. Mass Spectrom. 2022",10.1021/jasms.2c00196,"SI_3 sheet S2_Interplatform CCS Database, line 95",3,,academic_only,
small_molecule,triamcinolone acetonide,"Feuerstein et al., J. Am. Soc. Mass Spectrom. 2022",academic_only,,,"steroid_jasms2022:pregna-1,4-diene-3,20-dione, 9-fluoro-11,21-dihydroxy-16,17-((1-methylethylidene)bis(oxy))-, (11β,16α)-",,,,,,,,,,,,,,,,,,,,,,,,,,,,,,,,,,,,224.5,0.3,sd,,,[M+Na]+,1,positive,DTIMS,stepped_field,N2,,,"Agilent DTIM-MS, stepped-field method","Feuerstein et al., J. Am. Soc. Mass Spectrom. 2022",10.1021/jasms.2c00196,"SI_3 sheet S2_Interplatform CCS Database, line 95",3,,academic_only,
small_molecule,desonide,"Feuerstein et al., J. Am. Soc. Mass Spectrom. 2022",academic_only,,,"steroid_jasms2022:1,4-pregnadiene-11β,16α,17,21-tetrol-3,20-dione 16,17 acetonide",,,,,,,,,,,,,,,,,,,,,,,,,,,,,,,,,,,,198.96,1.71057,sd,,,[M+H]+,1,positive,TWIMS,,N2,Waters Major Mix,,"four Waters TWIM-MS systems (2x Synapt G2-S/G2-Si, 2x Vion), interlaboratory average, republished from doi:10.1021/acs.analchem.9b05247","Feuerstein et al., J. Am. Soc. Mass Spectrom. 2022",10.1021/jasms.2c00196,"SI_3 sheet S2_Interplatform CCS Database, line 96",12,,academic_only,
small_molecule,desonide,"Feuerstein et al., J. Am. Soc. Mass Spectrom. 2022",academic_only,,,"steroid_jasms2022:1,4-pregnadiene-11β,16α,17,21-tetrol-3,20-dione 16,17 acetonide",,,,,,,,,,,,,,,,,,,,,,,,,,,,,,,,,,,,200.1,0.422966,sd,,,[M+H]+,1,positive,TIMS,,N2,Agilent ESI-L tune mix (G1969-85000),,"timsTOF Pro, TIMCCSN2 calibrated via a linear function","Feuerstein et al., J. Am. Soc. Mass Spectrom. 2022",10.1021/jasms.2c00196,"SI_3 sheet S2_Interplatform CCS Database, line 96",,,academic_only,
small_molecule,desonide,"Feuerstein et al., J. Am. Soc. Mass Spectrom. 2022",academic_only,,,"steroid_jasms2022:1,4-pregnadiene-11β,16α,17,21-tetrol-3,20-dione 16,17 acetonide",,,,,,,,,,,,,,,,,,,,,,,,,,,,,,,,,,,,200.65,0.03,sd,,,[M+H]+,1,positive,DTIMS,single_field,N2,Agilent ESI-L tune mix (G1969-85000),,"Agilent DTIM-MS, single-field calibration, 4-bit","Feuerstein et al., J. Am. Soc. Mass Spectrom. 2022",10.1021/jasms.2c00196,"SI_3 sheet S2_Interplatform CCS Database, line 96",3,,academic_only,
small_molecule,desonide,"Feuerstein et al., J. Am. Soc. Mass Spectrom. 2022",academic_only,,,"steroid_jasms2022:1,4-pregnadiene-11β,16α,17,21-tetrol-3,20-dione 16,17 acetonide",,,,,,,,,,,,,,,,,,,,,,,,,,,,,,,,,,,,200.167,0.404145,sd,,,[M+H]+,1,positive,DTIMS,stepped_field,N2,,,"Agilent DTIM-MS, stepped-field method","Feuerstein et al., J. Am. Soc. Mass Spectrom. 2022",10.1021/jasms.2c00196,"SI_3 sheet S2_Interplatform CCS Database, line 96",3,,academic_only,
small_molecule,desonide,"Feuerstein et al., J. Am. Soc. Mass Spectrom. 2022",academic_only,,,"steroid_jasms2022:1,4-pregnadiene-11β,16α,17,21-tetrol-3,20-dione 16,17 acetonide",,,,,,,,,,,,,,,,,,,,,,,,,,,,,,,,,,,,224.866,1.02653,sd,,,[M+Na]+,1,positive,TWIMS,,N2,Waters Major Mix,,"four Waters TWIM-MS systems (2x Synapt G2-S/G2-Si, 2x Vion), interlaboratory average, republished from doi:10.1021/acs.analchem.9b05247","Feuerstein et al., J. Am. Soc. Mass Spectrom. 2022",10.1021/jasms.2c00196,"SI_3 sheet S2_Interplatform CCS Database, line 97",12,,academic_only,
small_molecule,desonide,"Feuerstein et al., J. Am. Soc. Mass Spectrom. 2022",academic_only,,,"steroid_jasms2022:1,4-pregnadiene-11β,16α,17,21-tetrol-3,20-dione 16,17 acetonide",,,,,,,,,,,,,,,,,,,,,,,,,,,,,,,,,,,,225.027,0.0493288,sd,,,[M+Na]+,1,positive,TIMS,,N2,Agilent ESI-L tune mix (G1969-85000),,"timsTOF Pro, TIMCCSN2 calibrated via a linear function","Feuerstein et al., J. Am. Soc. Mass Spectrom. 2022",10.1021/jasms.2c00196,"SI_3 sheet S2_Interplatform CCS Database, line 97",,,academic_only,
small_molecule,desonide,"Feuerstein et al., J. Am. Soc. Mass Spectrom. 2022",academic_only,,,"steroid_jasms2022:1,4-pregnadiene-11β,16α,17,21-tetrol-3,20-dione 16,17 acetonide",,,,,,,,,,,,,,,,,,,,,,,,,,,,,,,,,,,,224.55,0.01,sd,,,[M+Na]+,1,positive,DTIMS,single_field,N2,Agilent ESI-L tune mix (G1969-85000),,"Agilent DTIM-MS, single-field calibration, 4-bit","Feuerstein et al., J. Am. Soc. Mass Spectrom. 2022",10.1021/jasms.2c00196,"SI_3 sheet S2_Interplatform CCS Database, line 97",3,,academic_only,
small_molecule,desonide,"Feuerstein et al., J. Am. Soc. Mass Spectrom. 2022",academic_only,,,"steroid_jasms2022:1,4-pregnadiene-11β,16α,17,21-tetrol-3,20-dione 16,17 acetonide",,,,,,,,,,,,,,,,,,,,,,,,,,,,,,,,,,,,224.5,0.1,sd,,,[M+Na]+,1,positive,DTIMS,stepped_field,N2,,,"Agilent DTIM-MS, stepped-field method","Feuerstein et al., J. Am. Soc. Mass Spectrom. 2022",10.1021/jasms.2c00196,"SI_3 sheet S2_Interplatform CCS Database, line 97",3,,academic_only,
small_molecule,estradiol 17-glucuronide,"Feuerstein et al., J. Am. Soc. Mass Spectrom. 2022",academic_only,,,"steroid_jasms2022:1,3,5(10)-estratriene-3,17β-diol-17-glucuronide",,,,,,,,,,,,,,,,,,,,,,,,,,,,,,,,,,,,221.793,2.32613,sd,,,[M+Na]+,1,positive,TWIMS,,N2,Waters Major Mix,,"four Waters TWIM-MS systems (2x Synapt G2-S/G2-Si, 2x Vion), interlaboratory average, republished from doi:10.1021/acs.analchem.9b05247","Feuerstein et al., J. Am. Soc. Mass Spectrom. 2022",10.1021/jasms.2c00196,"SI_3 sheet S2_Interplatform CCS Database, line 98",12,,academic_only,
small_molecule,estradiol 17-glucuronide,"Feuerstein et al., J. Am. Soc. Mass Spectrom. 2022",academic_only,,,"steroid_jasms2022:1,3,5(10)-estratriene-3,17β-diol-17-glucuronide",,,,,,,,,,,,,,,,,,,,,,,,,,,,,,,,,,,,222.927,0.332916,sd,,,[M+Na]+,1,positive,TIMS,,N2,Agilent ESI-L tune mix (G1969-85000),,"timsTOF Pro, TIMCCSN2 calibrated via a linear function","Feuerstein et al., J. Am. Soc. Mass Spectrom. 2022",10.1021/jasms.2c00196,"SI_3 sheet S2_Interplatform CCS Database, line 98",,,academic_only,
small_molecule,estradiol 17-glucuronide,"Feuerstein et al., J. Am. Soc. Mass Spectrom. 2022",academic_only,,,"steroid_jasms2022:1,3,5(10)-estratriene-3,17β-diol-17-glucuronide",,,,,,,,,,,,,,,,,,,,,,,,,,,,,,,,,,,,225.477,1.98026,sd,,,[M+Na]+,1,positive,DTIMS,stepped_field,N2,,,"Agilent DTIM-MS, stepped-field method","Feuerstein et al., J. Am. Soc. Mass Spectrom. 2022",10.1021/jasms.2c00196,"SI_3 sheet S2_Interplatform CCS Database, line 98",3,,academic_only,
small_molecule,estradiol 17-glucuronide,"Feuerstein et al., J. Am. Soc. Mass Spectrom. 2022",academic_only,,,"steroid_jasms2022:1,3,5(10)-estratriene-3,17β-diol-17-glucuronide",,,,,,,,,,,,,,,,,,,,,,,,,,,,,,,,,,,,215.864,0.871592,sd,,,[M-H]-,-1,negative,TWIMS,,N2,Waters Major Mix,,"four Waters TWIM-MS systems (2x Synapt G2-S/G2-Si, 2x Vion), interlaboratory average, republished from doi:10.1021/acs.analchem.9b05247","Feuerstein et al., J. Am. Soc. Mass Spectrom. 2022",10.1021/jasms.2c00196,"SI_3 sheet S2_Interplatform CCS Database, line 99",12,,academic_only,
small_molecule,estradiol 17-glucuronide,"Feuerstein et al., J. Am. Soc. Mass Spectrom. 2022",academic_only,,,"steroid_jasms2022:1,3,5(10)-estratriene-3,17β-diol-17-glucuronide",,,,,,,,,,,,,,,,,,,,,,,,,,,,,,,,,,,,216.472,0.320889,sd,,,[M-H]-,-1,negative,TIMS,,N2,Agilent ESI-L tune mix (G1969-85000),,"timsTOF Pro, TIMCCSN2 calibrated via a linear function","Feuerstein et al., J. Am. Soc. Mass Spectrom. 2022",10.1021/jasms.2c00196,"SI_3 sheet S2_Interplatform CCS Database, line 99",,,academic_only,
small_molecule,estradiol 17-glucuronide,"Feuerstein et al., J. Am. Soc. Mass Spectrom. 2022",academic_only,,,"steroid_jasms2022:1,3,5(10)-estratriene-3,17β-diol-17-glucuronide",,,,,,,,,,,,,,,,,,,,,,,,,,,,,,,,,,,,216.98,0.05,sd,,,[M-H]-,-1,negative,DTIMS,single_field,N2,Agilent ESI-L tune mix (G1969-85000),,"Agilent DTIM-MS, single-field calibration, 4-bit","Feuerstein et al., J. Am. Soc. Mass Spectrom. 2022",10.1021/jasms.2c00196,"SI_3 sheet S2_Interplatform CCS Database, line 99",3,,academic_only,
small_molecule,estradiol 17-glucuronide,"Feuerstein et al., J. Am. Soc. Mass Spectrom. 2022",academic_only,,,"steroid_jasms2022:1,3,5(10)-estratriene-3,17β-diol-17-glucuronide",,,,,,,,,,,,,,,,,,,,,,,,,,,,,,,,,,,,218.55,,,,,[M-H]-,-1,negative,DTIMS,stepped_field,N2,,,"Agilent DTIM-MS, stepped-field method","Feuerstein et al., J. Am. Soc. Mass Spectrom. 2022",10.1021/jasms.2c00196,"SI_3 sheet S2_Interplatform CCS Database, line 99",1,,academic_only,
small_molecule,estradiol 3-glucuronide,"Feuerstein et al., J. Am. Soc. Mass Spectrom. 2022",academic_only,,,"steroid_jasms2022:1,3,5(10)-estratiene-3,17β-diol 3-glucuronide",,,,,,,,,,,,,,,,,,,,,,,,,,,,,,,,,,,,214.603,2.38241,sd,,,[M+Na]+,1,positive,TWIMS,,N2,Waters Major Mix,,"four Waters TWIM-MS systems (2x Synapt G2-S/G2-Si, 2x Vion), interlaboratory average, republished from doi:10.1021/acs.analchem.9b05247","Feuerstein et al., J. Am. Soc. Mass Spectrom. 2022",10.1021/jasms.2c00196,"SI_3 sheet S2_Interplatform CCS Database, line 100",12,,academic_only,
small_molecule,estradiol 3-glucuronide,"Feuerstein et al., J. Am. Soc. Mass Spectrom. 2022",academic_only,,,"steroid_jasms2022:1,3,5(10)-estratiene-3,17β-diol 3-glucuronide",,,,,,,,,,,,,,,,,,,,,,,,,,,,,,,,,,,,215.698,0.156514,sd,,,[M+Na]+,1,positive,TIMS,,N2,Agilent ESI-L tune mix (G1969-85000),,"timsTOF Pro, TIMCCSN2 calibrated via a linear function","Feuerstein et al., J. Am. Soc. Mass Spectrom. 2022",10.1021/jasms.2c00196,"SI_3 sheet S2_Interplatform CCS Database, line 100",,,academic_only,
small_molecule,estradiol 3-glucuronide,"Feuerstein et al., J. Am. Soc. Mass Spectrom. 2022",academic_only,,,"steroid_jasms2022:1,3,5(10)-estratiene-3,17β-diol 3-glucuronide",,,,,,,,,,,,,,,,,,,,,,,,,,,,,,,,,,,,215.813,0.245832,sd,,,[M+Na]+,1,positive,DTIMS,stepped_field,N2,,,"Agilent DTIM-MS, stepped-field method","Feuerstein et al., J. Am. Soc. Mass Spectrom. 2022",10.1021/jasms.2c00196,"SI_3 sheet S2_Interplatform CCS Database, line 100",3,,academic_only,
small_molecule,estradiol 3-glucuronide,"Feuerstein et al., J. Am. Soc. Mass Spectrom. 2022",academic_only,,,"steroid_jasms2022:1,3,5(10)-estratiene-3,17β-diol 3-glucuronide",,,,,,,,,,,,,,,,,,,,,,,,,,,,,,,,,,,,220.208,0.422844,sd,,,[M-H]-,-1,negative,TWIMS,,N2,Waters Major Mix,,"four Waters TWIM-MS systems (2x Synapt G2-S/G2-Si, 2x Vion), interlaboratory average, republished from doi:10.1021/acs.analchem.9b05247","Feuerstein et al., J. Am. Soc. Mass Spectrom. 2022",10.1021/jasms.2c00196,"SI_3 sheet S2_Interplatform CCS Database, line 101",12,,academic_only,
small_molecule,estradiol 3-glucuronide,"Feuerstein et al., J. Am. Soc. Mass Spectrom. 2022",academic_only,,,"steroid_jasms2022:1,3,5(10)-estratiene-3,17β-diol 3-glucuronide",,,,,,,,,,,,,,,,,,,,,,,,,,,,,,,,,,,,219.62,0.703633,sd,,,[M-H]-,-1,negative,TIMS,,N2,Agilent ESI-L tune mix (G1969-85000),,"timsTOF Pro, TIMCCSN2 calibrated via a linear function","Feuerstein et al., J. Am. Soc. Mass Spectrom. 2022",10.1021/jasms.2c00196,"SI_3 sheet S2_Interplatform CCS Database, line 101",,,academic_only,
small_molecule,estradiol 3-glucuronide,"Feuerstein et al., J. Am. Soc. Mass Spectrom. 2022",academic_only,,,"steroid_jasms2022:1,3,5(10)-estratiene-3,17β-diol 3-glucuronide",,,,,,,,,,,,,,,,,,,,,,,,,,,,,,,,,,,,220.45,0.02,sd,,,[M-H]-,-1,negative,DTIMS,single_field,N2,Agilent ESI-L tune mix (G1969-85000),,"Agilent DTIM-MS, single-field calibration, 4-bit","Feuerstein et al., J. Am. Soc. Mass Spectrom. 2022",10.1021/jasms.2c00196,"SI_3 sheet S2_Interplatform CCS Database, line 101",3,,academic_only,
small_molecule,estradiol 3-glucuronide,"Feuerstein et al., J. Am. Soc. Mass Spectrom. 2022",academic_only,,,"steroid_jasms2022:1,3,5(10)-estratiene-3,17β-diol 3-glucuronide",,,,,,,,,,,,,,,,,,,,,,,,,,,,,,,,,,,,221.65,,,,,[M-H]-,-1,negative,DTIMS,stepped_field,N2,,,"Agilent DTIM-MS, stepped-field method","Feuerstein et al., J. Am. Soc. Mass Spectrom. 2022",10.1021/jasms.2c00196,"SI_3 sheet S2_Interplatform CCS Database, line 101",1,,academic_only,
small_molecule,estriol 3-glucuronide,"Feuerstein et al., J. Am. Soc. Mass Spectrom. 2022",academic_only,,,"steroid_jasms2022:1,3,5(10)-estratriene-3,16α-17β-triol-3-glucuronide",,,,,,,,,,,,,,,,,,,,,,,,,,,,,,,,,,,,218.153,2.3145,sd,,,[M+Na]+,1,positive,TWIMS,,N2,Waters Major Mix,,"four Waters TWIM-MS systems (2x Synapt G2-S/G2-Si, 2x Vion), interlaboratory average, republished from doi:10.1021/acs.analchem.9b05247","Feuerstein et al., J. Am. Soc. Mass Spectrom. 2022",10.1021/jasms.2c00196,"SI_3 sheet S2_Interplatform CCS Database, line 102",12,,academic_only,
small_molecule,estriol 3-glucuronide,"Feuerstein et al., J. Am. Soc. Mass Spectrom. 2022",academic_only,,,"steroid_jasms2022:1,3,5(10)-estratriene-3,16α-17β-triol-3-glucuronide",,,,,,,,,,,,,,,,,,,,,,,,,,,,,,,,,,,,219.28,0.0916515,sd,,,[M+Na]+,1,positive,TIMS,,N2,Agilent ESI-L tune mix (G1969-85000),,"timsTOF Pro, TIMCCSN2 calibrated via a linear function","Feuerstein et al., J. Am. Soc. Mass Spectrom. 2022",10.1021/jasms.2c00196,"SI_3 sheet S2_Interplatform CCS Database, line 102",,,academic_only,
small_molecule,estriol 3-glucuronide,"Feuerstein et al., J. Am. Soc. Mass Spectrom. 2022",academic_only,,,"steroid_jasms2022:1,3,5(10)-estratriene-3,16α-17β-triol-3-glucuronide",,,,,,,,,,,,,,,,,,,,,,,,,,,,,,,,,,,,219.267,0.152753,sd,,,[M+Na]+,1,positive,DTIMS,stepped_field,N2,,,"Agilent DTIM-MS, stepped-field method","Feuerstein et al., J. Am. Soc. Mass Spectrom. 2022",10.1021/jasms.2c00196,"SI_3 sheet S2_Interplatform CCS Database, line 102",3,,academic_only,
small_molecule,estriol 3-glucuronide,"Feuerstein et al., J. Am. Soc. Mass Spectrom. 2022",academic_only,,,"steroid_jasms2022:1,3,5(10)-estratriene-3,16α-17β-triol-3-glucuronide",,,,,,,,,,,,,,,,,,,,,,,,,,,,,,,,,,,,222.449,1.07042,sd,,,[M-H]-,-1,negative,TWIMS,,N2,Waters Major Mix,,"four Waters TWIM-MS systems (2x Synapt G2-S/G2-Si, 2x Vion), interlaboratory average, republished from doi:10.1021/acs.analchem.9b05247","Feuerstein et al., J. Am. Soc. Mass Spectrom. 2022",10.1021/jasms.2c00196,"SI_3 sheet S2_Interplatform CCS Database, line 103",12,,academic_only,
small_molecule,estriol 3-glucuronide,"Feuerstein et al., J. Am. Soc. Mass Spectrom. 2022",academic_only,,,"steroid_jasms2022:1,3,5(10)-estratriene-3,16α-17β-triol-3-glucuronide",,,,,,,,,,,,,,,,,,,,,,,,,,,,,,,,,,,,222.397,0.847014,sd,,,[M-H]-,-1,negative,TIMS,,N2,Agilent ESI-L tune mix (G1969-85000),,"timsTOF Pro, TIMCCSN2 calibrated via a linear function","Feuerstein et al., J. Am. Soc. Mass Spectrom. 2022",10.1021/jasms.2c00196,"SI_3 sheet S2_Interplatform CCS Database, line 103",,,academic_only,
small_molecule,estriol 3-glucuronide,"Feuerstein et al., J. Am. Soc. Mass Spectrom. 2022",academic_only,,,"steroid_jasms2022:1,3,5(10)-estratriene-3,16α-17β-triol-3-glucuronide",,,,,,,,,,,,,,,,,,,,,,,,,,,,,,,,,,,,224.01,0.05,sd,,,[M-H]-,-1,negative,DTIMS,single_field,N2,Agilent ESI-L tune mix (G1969-85000),,"Agilent DTIM-MS, single-field calibration, 4-bit","Feuerstein et al., J. Am. Soc. Mass Spectrom. 2022",10.1021/jasms.2c00196,"SI_3 sheet S2_Interplatform CCS Database, line 103",3,,academic_only,
small_molecule,estriol 3-glucuronide,"Feuerstein et al., J. Am. Soc. Mass Spectrom. 2022",academic_only,,,"steroid_jasms2022:1,3,5(10)-estratriene-3,16α-17β-triol-3-glucuronide",,,,,,,,,,,,,,,,,,,,,,,,,,,,,,,,,,,,224.5,,,,,[M-H]-,-1,negative,DTIMS,stepped_field,N2,,,"Agilent DTIM-MS, stepped-field method","Feuerstein et al., J. Am. Soc. Mass Spectrom. 2022",10.1021/jasms.2c00196,"SI_3 sheet S2_Interplatform CCS Database, line 103",1,,academic_only,
small_molecule,medroxyprogesterone acetate,"Feuerstein et al., J. Am. Soc. Mass Spectrom. 2022",academic_only,,,"steroid_jasms2022:4-pregnene-6α-methyl-17-ol-3,20-dione acetate",,,,,,,,,,,,,,,,,,,,,,,,,,,,,,,,,,,,198.392,1.2211,sd,,,[M+H]+,1,positive,TWIMS,,N2,Waters Major Mix,,"four Waters TWIM-MS systems (2x Synapt G2-S/G2-Si, 2x Vion), interlaboratory average, republished from doi:10.1021/acs.analchem.9b05247","Feuerstein et al., J. Am. Soc. Mass Spectrom. 2022",10.1021/jasms.2c00196,"SI_3 sheet S2_Interplatform CCS Database, line 104",12,,academic_only,
small_molecule,medroxyprogesterone acetate,"Feuerstein et al., J. Am. Soc. Mass Spectrom. 2022",academic_only,,,"steroid_jasms2022:4-pregnene-6α-methyl-17-ol-3,20-dione acetate",,,,,,,,,,,,,,,,,,,,,,,,,,,,,,,,,,,,198.677,0.061101,sd,,,[M+H]+,1,positive,TIMS,,N2,Agilent ESI-L tune mix (G1969-85000),,"timsTOF Pro, TIMCCSN2 calibrated via a linear function","Feuerstein et al., J. Am. Soc. Mass Spectrom. 2022",10.1021/jasms.2c00196,"SI_3 sheet S2_Interplatform CCS Database, line 104",,,academic_only,
small_molecule,medroxyprogesterone acetate,"Feuerstein et al., J. Am. Soc. Mass Spectrom. 2022",academic_only,,,"steroid_jasms2022:4-pregnene-6α-methyl-17-ol-3,20-dione acetate",,,,,,,,,,,,,,,,,,,,,,,,,,,,,,,,,,,,199.93,0.03,sd,,,[M+H]+,1,positive,DTIMS,single_field,N2,Agilent ESI-L tune mix (G1969-85000),,"Agilent DTIM-MS, single-field calibration, 4-bit","Feuerstein et al., J. Am. Soc. Mass Spectrom. 2022",10.1021/jasms.2c00196,"SI_3 sheet S2_Interplatform CCS Database, line 104",3,,academic_only,
small_molecule,19-nortestosterone glucuronide,"Feuerstein et al., J. Am. Soc. Mass Spectrom. 2022",academic_only,,,steroid_jasms2022:4-estrene-17β-ol-3-one D-glucuronide,,,,,,,,,,,,,,,,,,,,,,,,,,,,,,,,,,,,215.598,1.70948,sd,,,[M+H]+,1,positive,TWIMS,,N2,Waters Major Mix,,"four Waters TWIM-MS systems (2x Synapt G2-S/G2-Si, 2x Vion), interlaboratory average, republished from doi:10.1021/acs.analchem.9b05247","Feuerstein et al., J. Am. Soc. Mass Spectrom. 2022",10.1021/jasms.2c00196,"SI_3 sheet S2_Interplatform CCS Database, line 105",12,,academic_only,
small_molecule,19-nortestosterone glucuronide,"Feuerstein et al., J. Am. Soc. Mass Spectrom. 2022",academic_only,,,steroid_jasms2022:4-estrene-17β-ol-3-one D-glucuronide,,,,,,,,,,,,,,,,,,,,,,,,,,,,,,,,,,,,217.32,0.144222,sd,,,[M+H]+,1,positive,TIMS,,N2,Agilent ESI-L tune mix (G1969-85000),,"timsTOF Pro, TIMCCSN2 calibrated via a linear function","Feuerstein et al., J. Am. Soc. Mass Spectrom. 2022",10.1021/jasms.2c00196,"SI_3 sheet S2_Interplatform CCS Database, line 105",,,academic_only,
small_molecule,19-nortestosterone glucuronide,"Feuerstein et al., J. Am. Soc. Mass Spectrom. 2022",academic_only,,,steroid_jasms2022:4-estrene-17β-ol-3-one D-glucuronide,,,,,,,,,,,,,,,,,,,,,,,,,,,,,,,,,,,,218.75,0.02,sd,,,[M+H]+,1,positive,DTIMS,single_field,N2,Agilent ESI-L tune mix (G1969-85000),,"Agilent DTIM-MS, single-field calibration, 4-bit","Feuerstein et al., J. Am. Soc. Mass Spectrom. 2022",10.1021/jasms.2c00196,"SI_3 sheet S2_Interplatform CCS Database, line 105",3,,academic_only,
small_molecule,19-nortestosterone glucuronide,"Feuerstein et al., J. Am. Soc. Mass Spectrom. 2022",academic_only,,,steroid_jasms2022:4-estrene-17β-ol-3-one D-glucuronide,,,,,,,,,,,,,,,,,,,,,,,,,,,,,,,,,,,,217.333,0.450925,sd,,,[M+H]+,1,positive,DTIMS,stepped_field,N2,,,"Agilent DTIM-MS, stepped-field method","Feuerstein et al., J. Am. Soc. Mass Spectrom. 2022",10.1021/jasms.2c00196,"SI_3 sheet S2_Interplatform CCS Database, line 105",3,,academic_only,
small_molecule,19-nortestosterone glucuronide,"Feuerstein et al., J. Am. Soc. Mass Spectrom. 2022",academic_only,,,steroid_jasms2022:4-estrene-17β-ol-3-one D-glucuronide,,,,,,,,,,,,,,,,,,,,,,,,,,,,,,,,,,,,215.465,1.36325,sd,,,[M-H]-,-1,negative,TWIMS,,N2,Waters Major Mix,,"four Waters TWIM-MS systems (2x Synapt G2-S/G2-Si, 2x Vion), interlaboratory average, republished from doi:10.1021/acs.analchem.9b05247","Feuerstein et al., J. Am. Soc. Mass Spectrom. 2022",10.1021/jasms.2c00196,"SI_3 sheet S2_Interplatform CCS Database, line 106",12,,academic_only,
small_molecule,19-nortestosterone glucuronide,"Feuerstein et al., J. Am. Soc. Mass Spectrom. 2022",academic_only,,,steroid_jasms2022:4-estrene-17β-ol-3-one D-glucuronide,,,,,,,,,,,,,,,,,,,,,,,,,,,,,,,,,,,,214.977,0.811562,sd,,,[M-H]-,-1,negative,TIMS,,N2,Agilent ESI-L tune mix (G1969-85000),,"timsTOF Pro, TIMCCSN2 calibrated via a linear function","Feuerstein et al., J. Am. Soc. Mass Spectrom. 2022",10.1021/jasms.2c00196,"SI_3 sheet S2_Interplatform CCS Database, line 106",,,academic_only,
small_molecule,19-nortestosterone glucuronide,"Feuerstein et al., J. Am. Soc. Mass Spectrom. 2022",academic_only,,,steroid_jasms2022:4-estrene-17β-ol-3-one D-glucuronide,,,,,,,,,,,,,,,,,,,,,,,,,,,,,,,,,,,,216.32,0.07,sd,,,[M-H]-,-1,negative,DTIMS,single_field,N2,Agilent ESI-L tune mix (G1969-85000),,"Agilent DTIM-MS, single-field calibration, 4-bit","Feuerstein et al., J. Am. Soc. Mass Spectrom. 2022",10.1021/jasms.2c00196,"SI_3 sheet S2_Interplatform CCS Database, line 106",3,,academic_only,
small_molecule,19-nortestosterone glucuronide,"Feuerstein et al., J. Am. Soc. Mass Spectrom. 2022",academic_only,,,steroid_jasms2022:4-estrene-17β-ol-3-one D-glucuronide,,,,,,,,,,,,,,,,,,,,,,,,,,,,,,,,,,,,216.6,,,,,[M-H]-,-1,negative,DTIMS,stepped_field,N2,,,"Agilent DTIM-MS, stepped-field method","Feuerstein et al., J. Am. Soc. Mass Spectrom. 2022",10.1021/jasms.2c00196,"SI_3 sheet S2_Interplatform CCS Database, line 106",1,,academic_only,
small_molecule,19-norandrosterone glucuronide,"Feuerstein et al., J. Am. Soc. Mass Spectrom. 2022",academic_only,,,steroid_jasms2022:5α-estrane-3α-ol-17-one glucuronide,,,,,,,,,,,,,,,,,,,,,,,,,,,,,,,,,,,,223.277,2.46545,sd,,,[M+Na]+,1,positive,TWIMS,,N2,Waters Major Mix,,"four Waters TWIM-MS systems (2x Synapt G2-S/G2-Si, 2x Vion), interlaboratory average, republished from doi:10.1021/acs.analchem.9b05247","Feuerstein et al., J. Am. Soc. Mass Spectrom. 2022",10.1021/jasms.2c00196,"SI_3 sheet S2_Interplatform CCS Database, line 107",12,,academic_only,
small_molecule,19-norandrosterone glucuronide,"Feuerstein et al., J. Am. Soc. Mass Spectrom. 2022",academic_only,,,steroid_jasms2022:5α-estrane-3α-ol-17-one glucuronide,,,,,,,,,,,,,,,,,,,,,,,,,,,,,,,,,,,,224.2,0.252389,sd,,,[M+Na]+,1,positive,TIMS,,N2,Agilent ESI-L tune mix (G1969-85000),,"timsTOF Pro, TIMCCSN2 calibrated via a linear function","Feuerstein et al., J. Am. Soc. Mass Spectrom. 2022",10.1021/jasms.2c00196,"SI_3 sheet S2_Interplatform CCS Database, line 107",,,academic_only,
small_molecule,19-norandrosterone glucuronide,"Feuerstein et al., J. Am. Soc. Mass Spectrom. 2022",academic_only,,,steroid_jasms2022:5α-estrane-3α-ol-17-one glucuronide,,,,,,,,,,,,,,,,,,,,,,,,,,,,,,,,,,,,225.86,0.08,sd,,,[M+Na]+,1,positive,DTIMS,single_field,N2,Agilent ESI-L tune mix (G1969-85000),,"Agilent DTIM-MS, single-field calibration, 4-bit","Feuerstein et al., J. Am. Soc. Mass Spectrom. 2022",10.1021/jasms.2c00196,"SI_3 sheet S2_Interplatform CCS Database, line 107",3,,academic_only,
small_molecule,19-norandrosterone glucuronide,"Feuerstein et al., J. Am. Soc. Mass Spectrom. 2022",academic_only,,,steroid_jasms2022:5α-estrane-3α-ol-17-one glucuronide,,,,,,,,,,,,,,,,,,,,,,,,,,,,,,,,,,,,225.767,0.057735,sd,,,[M+Na]+,1,positive,DTIMS,stepped_field,N2,,,"Agilent DTIM-MS, stepped-field method","Feuerstein et al., J. Am. Soc. Mass Spectrom. 2022",10.1021/jasms.2c00196,"SI_3 sheet S2_Interplatform CCS Database, line 107",3,,academic_only,
small_molecule,19-norandrosterone glucuronide,"Feuerstein et al., J. Am. Soc. Mass Spectrom. 2022",academic_only,,,steroid_jasms2022:5α-estrane-3α-ol-17-one glucuronide,,,,,,,,,,,,,,,,,,,,,,,,,,,,,,,,,,,,214.339,1.02073,sd,,,[M-H]-,-1,negative,TWIMS,,N2,Waters Major Mix,,"four Waters TWIM-MS systems (2x Synapt G2-S/G2-Si, 2x Vion), interlaboratory average, republished from doi:10.1021/acs.analchem.9b05247","Feuerstein et al., J. Am. Soc. Mass Spectrom. 2022",10.1021/jasms.2c00196,"SI_3 sheet S2_Interplatform CCS Database, line 108",12,,academic_only,
small_molecule,19-norandrosterone glucuronide,"Feuerstein et al., J. Am. Soc. Mass Spectrom. 2022",academic_only,,,steroid_jasms2022:5α-estrane-3α-ol-17-one glucuronide,,,,,,,,,,,,,,,,,,,,,,,,,,,,,,,,,,,,213.663,0.713185,sd,,,[M-H]-,-1,negative,TIMS,,N2,Agilent ESI-L tune mix (G1969-85000),,"timsTOF Pro, TIMCCSN2 calibrated via a linear function","Feuerstein et al., J. Am. Soc. Mass Spectrom. 2022",10.1021/jasms.2c00196,"SI_3 sheet S2_Interplatform CCS Database, line 108",,,academic_only,
small_molecule,19-norandrosterone glucuronide,"Feuerstein et al., J. Am. Soc. Mass Spectrom. 2022",academic_only,,,steroid_jasms2022:5α-estrane-3α-ol-17-one glucuronide,,,,,,,,,,,,,,,,,,,,,,,,,,,,,,,,,,,,214.27,0.07,sd,,,[M-H]-,-1,negative,DTIMS,single_field,N2,Agilent ESI-L tune mix (G1969-85000),,"Agilent DTIM-MS, single-field calibration, 4-bit","Feuerstein et al., J. Am. Soc. Mass Spectrom. 2022",10.1021/jasms.2c00196,"SI_3 sheet S2_Interplatform CCS Database, line 108",3,,academic_only,
small_molecule,19-norandrosterone glucuronide,"Feuerstein et al., J. Am. Soc. Mass Spectrom. 2022",academic_only,,,steroid_jasms2022:5α-estrane-3α-ol-17-one glucuronide,,,,,,,,,,,,,,,,,,,,,,,,,,,,,,,,,,,,214.4,,,,,[M-H]-,-1,negative,DTIMS,stepped_field,N2,,,"Agilent DTIM-MS, stepped-field method","Feuerstein et al., J. Am. Soc. Mass Spectrom. 2022",10.1021/jasms.2c00196,"SI_3 sheet S2_Interplatform CCS Database, line 108",1,,academic_only,
small_molecule,19-noretiocholanolone glucuronide,"Feuerstein et al., J. Am. Soc. Mass Spectrom. 2022",academic_only,,,steroid_jasms2022:5β-estrane-3α-ol-17-one glucuronide,,,,,,,,,,,,,,,,,,,,,,,,,,,,,,,,,,,,202.865,2.74531,sd,,,[M+Na]+,1,positive,TWIMS,,N2,Waters Major Mix,,"four Waters TWIM-MS systems (2x Synapt G2-S/G2-Si, 2x Vion), interlaboratory average, republished from doi:10.1021/acs.analchem.9b05247","Feuerstein et al., J. Am. Soc. Mass Spectrom. 2022",10.1021/jasms.2c00196,"SI_3 sheet S2_Interplatform CCS Database, line 109",12,,academic_only,
small_molecule,19-noretiocholanolone glucuronide,"Feuerstein et al., J. Am. Soc. Mass Spectrom. 2022",academic_only,,,steroid_jasms2022:5β-estrane-3α-ol-17-one glucuronide,,,,,,,,,,,,,,,,,,,,,,,,,,,,,,,,,,,,205.507,0.345881,sd,,,[M+Na]+,1,positive,TIMS,,N2,Agilent ESI-L tune mix (G1969-85000),,"timsTOF Pro, TIMCCSN2 calibrated via a linear function","Feuerstein et al., J. Am. Soc. Mass Spectrom. 2022",10.1021/jasms.2c00196,"SI_3 sheet S2_Interplatform CCS Database, line 109",,,academic_only,
small_molecule,19-noretiocholanolone glucuronide,"Feuerstein et al., J. Am. Soc. Mass Spectrom. 2022",academic_only,,,steroid_jasms2022:5β-estrane-3α-ol-17-one glucuronide,,,,,,,,,,,,,,,,,,,,,,,,,,,,,,,,,,,,205.58,0.12,sd,,,[M+Na]+,1,positive,DTIMS,single_field,N2,Agilent ESI-L tune mix (G1969-85000),,"Agilent DTIM-MS, single-field calibration, 4-bit","Feuerstein et al., J. Am. Soc. Mass Spectrom. 2022",10.1021/jasms.2c00196,"SI_3 sheet S2_Interplatform CCS Database, line 109",3,,academic_only,
small_molecule,19-noretiocholanolone glucuronide,"Feuerstein et al., J. Am. Soc. Mass Spectrom. 2022",academic_only,,,steroid_jasms2022:5β-estrane-3α-ol-17-one glucuronide,,,,,,,,,,,,,,,,,,,,,,,,,,,,,,,,,,,,204.867,0.152753,sd,,,[M+Na]+,1,positive,DTIMS,stepped_field,N2,,,"Agilent DTIM-MS, stepped-field method","Feuerstein et al., J. Am. Soc. Mass Spectrom. 2022",10.1021/jasms.2c00196,"SI_3 sheet S2_Interplatform CCS Database, line 109",3,,academic_only,
small_molecule,19-noretiocholanolone glucuronide,"Feuerstein et al., J. Am. Soc. Mass Spectrom. 2022",academic_only,,,steroid_jasms2022:5β-estrane-3α-ol-17-one glucuronide,,,,,,,,,,,,,,,,,,,,,,,,,,,,,,,,,,,,205.032,0.574911,sd,,,[M-H]-,-1,negative,TWIMS,,N2,Waters Major Mix,,"four Waters TWIM-MS systems (2x Synapt G2-S/G2-Si, 2x Vion), interlaboratory average, republished from doi:10.1021/acs.analchem.9b05247","Feuerstein et al., J. Am. Soc. Mass Spectrom. 2022",10.1021/jasms.2c00196,"SI_3 sheet S2_Interplatform CCS Database, line 110",12,,academic_only,
small_molecule,19-noretiocholanolone glucuronide,"Feuerstein et al., J. Am. Soc. Mass Spectrom. 2022",academic_only,,,steroid_jasms2022:5β-estrane-3α-ol-17-one glucuronide,,,,,,,,,,,,,,,,,,,,,,,,,,,,,,,,,,,,204.46,0.642106,sd,,,[M-H]-,-1,negative,TIMS,,N2,Agilent ESI-L tune mix (G1969-85000),,"timsTOF Pro, TIMCCSN2 calibrated via a linear function","Feuerstein et al., J. Am. Soc. Mass Spectrom. 2022",10.1021/jasms.2c00196,"SI_3 sheet S2_Interplatform CCS Database, line 110",,,academic_only,
small_molecule,19-noretiocholanolone glucuronide,"Feuerstein et al., J. Am. Soc. Mass Spectrom. 2022",academic_only,,,steroid_jasms2022:5β-estrane-3α-ol-17-one glucuronide,,,,,,,,,,,,,,,,,,,,,,,,,,,,,,,,,,,,204.71,0.03,sd,,,[M-H]-,-1,negative,DTIMS,single_field,N2,Agilent ESI-L tune mix (G1969-85000),,"Agilent DTIM-MS, single-field calibration, 4-bit","Feuerstein et al., J. Am. Soc. Mass Spectrom. 2022",10.1021/jasms.2c00196,"SI_3 sheet S2_Interplatform CCS Database, line 110",3,,academic_only,
small_molecule,19-noretiocholanolone glucuronide,"Feuerstein et al., J. Am. Soc. Mass Spectrom. 2022",academic_only,,,steroid_jasms2022:5β-estrane-3α-ol-17-one glucuronide,,,,,,,,,,,,,,,,,,,,,,,,,,,,,,,,,,,,204.8,,,,,[M-H]-,-1,negative,DTIMS,stepped_field,N2,,,"Agilent DTIM-MS, stepped-field method","Feuerstein et al., J. Am. Soc. Mass Spectrom. 2022",10.1021/jasms.2c00196,"SI_3 sheet S2_Interplatform CCS Database, line 110",1,,academic_only,
small_molecule,19-nortestosterone benzoate,"Feuerstein et al., J. Am. Soc. Mass Spectrom. 2022",academic_only,,,steroid_jasms2022:4-estrene-17β-ol-3-one benzoate,,,,,,,,,,,,,,,,,,,,,,,,,,,,,,,,,,,,200.905,0.978762,sd,,,[M+H]+,1,positive,TWIMS,,N2,Waters Major Mix,,"four Waters TWIM-MS systems (2x Synapt G2-S/G2-Si, 2x Vion), interlaboratory average, republished from doi:10.1021/acs.analchem.9b05247","Feuerstein et al., J. Am. Soc. Mass Spectrom. 2022",10.1021/jasms.2c00196,"SI_3 sheet S2_Interplatform CCS Database, line 111",12,,academic_only,
small_molecule,19-nortestosterone benzoate,"Feuerstein et al., J. Am. Soc. Mass Spectrom. 2022",academic_only,,,steroid_jasms2022:4-estrene-17β-ol-3-one benzoate,,,,,,,,,,,,,,,,,,,,,,,,,,,,,,,,,,,,202.983,0.046188,sd,,,[M+H]+,1,positive,TIMS,,N2,Agilent ESI-L tune mix (G1969-85000),,"timsTOF Pro, TIMCCSN2 calibrated via a linear function","Feuerstein et al., J. Am. Soc. Mass Spectrom. 2022",10.1021/jasms.2c00196,"SI_3 sheet S2_Interplatform CCS Database, line 111",,,academic_only,
small_molecule,19-nortestosterone benzoate,"Feuerstein et al., J. Am. Soc. Mass Spectrom. 2022",academic_only,,,steroid_jasms2022:4-estrene-17β-ol-3-one benzoate,,,,,,,,,,,,,,,,,,,,,,,,,,,,,,,,,,,,204.83,0.01,sd,,,[M+H]+,1,positive,DTIMS,single_field,N2,Agilent ESI-L tune mix (G1969-85000),,"Agilent DTIM-MS, single-field calibration, 4-bit","Feuerstein et al., J. Am. Soc. Mass Spectrom. 2022",10.1021/jasms.2c00196,"SI_3 sheet S2_Interplatform CCS Database, line 111",3,,academic_only,
small_molecule,"triamcinolone 16,21-diacetate","Feuerstein et al., J. Am. Soc. Mass Spectrom. 2022",academic_only,,,"steroid_jasms2022:1,4-pregnadiene-9α-fluoro-11β,16α,17,21-tetrol-3,20-dione 16,21-diacetate",,,,,,,,,,,,,,,,,,,,,,,,,,,,,,,,,,,,209.953,1.86474,sd,,,[M+H]+,1,positive,TWIMS,,N2,Waters Major Mix,,"four Waters TWIM-MS systems (2x Synapt G2-S/G2-Si, 2x Vion), interlaboratory average, republished from doi:10.1021/acs.analchem.9b05247","Feuerstein et al., J. Am. Soc. Mass Spectrom. 2022",10.1021/jasms.2c00196,"SI_3 sheet S2_Interplatform CCS Database, line 112",12,,academic_only,
small_molecule,"triamcinolone 16,21-diacetate","Feuerstein et al., J. Am. Soc. Mass Spectrom. 2022",academic_only,,,"steroid_jasms2022:1,4-pregnadiene-9α-fluoro-11β,16α,17,21-tetrol-3,20-dione 16,21-diacetate",,,,,,,,,,,,,,,,,,,,,,,,,,,,,,,,,,,,211.153,0.20306,sd,,,[M+H]+,1,positive,TIMS,,N2,Agilent ESI-L tune mix (G1969-85000),,"timsTOF Pro, TIMCCSN2 calibrated via a linear function","Feuerstein et al., J. Am. Soc. Mass Spectrom. 2022",10.1021/jasms.2c00196,"SI_3 sheet S2_Interplatform CCS Database, line 112",,,academic_only,
small_molecule,"triamcinolone 16,21-diacetate","Feuerstein et al., J. Am. Soc. Mass Spectrom. 2022",academic_only,,,"steroid_jasms2022:1,4-pregnadiene-9α-fluoro-11β,16α,17,21-tetrol-3,20-dione 16,21-diacetate",,,,,,,,,,,,,,,,,,,,,,,,,,,,,,,,,,,,211.84,0.04,sd,,,[M+H]+,1,positive,DTIMS,single_field,N2,Agilent ESI-L tune mix (G1969-85000),,"Agilent DTIM-MS, single-field calibration, 4-bit","Feuerstein et al., J. Am. Soc. Mass Spectrom. 2022",10.1021/jasms.2c00196,"SI_3 sheet S2_Interplatform CCS Database, line 112",3,,academic_only,
small_molecule,"triamcinolone 16,21-diacetate","Feuerstein et al., J. Am. Soc. Mass Spectrom. 2022",academic_only,,,"steroid_jasms2022:1,4-pregnadiene-9α-fluoro-11β,16α,17,21-tetrol-3,20-dione 16,21-diacetate",,,,,,,,,,,,,,,,,,,,,,,,,,,,,,,,,,,,216.285,2.03462,sd,,,[M+Na]+,1,positive,TWIMS,,N2,Waters Major Mix,,"four Waters TWIM-MS systems (2x Synapt G2-S/G2-Si, 2x Vion), interlaboratory average, republished from doi:10.1021/acs.analchem.9b05247","Feuerstein et al., J. Am. Soc. Mass Spectrom. 2022",10.1021/jasms.2c00196,"SI_3 sheet S2_Interplatform CCS Database, line 113",12,,academic_only,
small_molecule,"triamcinolone 16,21-diacetate","Feuerstein et al., J. Am. Soc. Mass Spectrom. 2022",academic_only,,,"steroid_jasms2022:1,4-pregnadiene-9α-fluoro-11β,16α,17,21-tetrol-3,20-dione 16,21-diacetate",,,,,,,,,,,,,,,,,,,,,,,,,,,,,,,,,,,,217.303,0.185831,sd,,,[M+Na]+,1,positive,TIMS,,N2,Agilent ESI-L tune mix (G1969-85000),,"timsTOF Pro, TIMCCSN2 calibrated via a linear function","Feuerstein et al., J. Am. Soc. Mass Spectrom. 2022",10.1021/jasms.2c00196,"SI_3 sheet S2_Interplatform CCS Database, line 113",,,academic_only,
small_molecule,"triamcinolone 16,21-diacetate","Feuerstein et al., J. Am. Soc. Mass Spectrom. 2022",academic_only,,,"steroid_jasms2022:1,4-pregnadiene-9α-fluoro-11β,16α,17,21-tetrol-3,20-dione 16,21-diacetate",,,,,,,,,,,,,,,,,,,,,,,,,,,,,,,,,,,,218.08,0.05,sd,,,[M+Na]+,1,positive,DTIMS,single_field,N2,Agilent ESI-L tune mix (G1969-85000),,"Agilent DTIM-MS, single-field calibration, 4-bit","Feuerstein et al., J. Am. Soc. Mass Spectrom. 2022",10.1021/jasms.2c00196,"SI_3 sheet S2_Interplatform CCS Database, line 113",3,,academic_only,
small_molecule,"triamcinolone 16,21-diacetate","Feuerstein et al., J. Am. Soc. Mass Spectrom. 2022",academic_only,,,"steroid_jasms2022:1,4-pregnadiene-9α-fluoro-11β,16α,17,21-tetrol-3,20-dione 16,21-diacetate",,,,,,,,,,,,,,,,,,,,,,,,,,,,,,,,,,,,218,0.2,sd,,,[M+Na]+,1,positive,DTIMS,stepped_field,N2,,,"Agilent DTIM-MS, stepped-field method","Feuerstein et al., J. Am. Soc. Mass Spectrom. 2022",10.1021/jasms.2c00196,"SI_3 sheet S2_Interplatform CCS Database, line 113",3,,academic_only,
small_molecule,melengestrol acetate,"Feuerstein et al., J. Am. Soc. Mass Spectrom. 2022",academic_only,,,"steroid_jasms2022:4,6-pregnadiene-6-methyl-16-methylene-17-ol-3,20-dione acetate",,,,,,,,,,,,,,,,,,,,,,,,,,,,,,,,,,,,200.407,1.43588,sd,,,[M+H]+,1,positive,TWIMS,,N2,Waters Major Mix,,"four Waters TWIM-MS systems (2x Synapt G2-S/G2-Si, 2x Vion), interlaboratory average, republished from doi:10.1021/acs.analchem.9b05247","Feuerstein et al., J. Am. Soc. Mass Spectrom. 2022",10.1021/jasms.2c00196,"SI_3 sheet S2_Interplatform CCS Database, line 114",12,,academic_only,
small_molecule,melengestrol acetate,"Feuerstein et al., J. Am. Soc. Mass Spectrom. 2022",academic_only,,,"steroid_jasms2022:4,6-pregnadiene-6-methyl-16-methylene-17-ol-3,20-dione acetate",,,,,,,,,,,,,,,,,,,,,,,,,,,,,,,,,,,,200.4,0.052915,sd,,,[M+H]+,1,positive,TIMS,,N2,Agilent ESI-L tune mix (G1969-85000),,"timsTOF Pro, TIMCCSN2 calibrated via a linear function","Feuerstein et al., J. Am. Soc. Mass Spectrom. 2022",10.1021/jasms.2c00196,"SI_3 sheet S2_Interplatform CCS Database, line 114",,,academic_only,
small_molecule,melengestrol acetate,"Feuerstein et al., J. Am. Soc. Mass Spectrom. 2022",academic_only,,,"steroid_jasms2022:4,6-pregnadiene-6-methyl-16-methylene-17-ol-3,20-dione acetate",,,,,,,,,,,,,,,,,,,,,,,,,,,,,,,,,,,,201.19,0.02,sd,,,[M+H]+,1,positive,DTIMS,single_field,N2,Agilent ESI-L tune mix (G1969-85000),,"Agilent DTIM-MS, single-field calibration, 4-bit","Feuerstein et al., J. Am. Soc. Mass Spectrom. 2022",10.1021/jasms.2c00196,"SI_3 sheet S2_Interplatform CCS Database, line 114",3,,academic_only,
small_molecule,prednisolone 21-hemisuccinate,"Feuerstein et al., J. Am. Soc. Mass Spectrom. 2022",academic_only,,,"steroid_jasms2022:1,4-pregnadiene-11β,17,21-triol-3,20-dione 21-hemisuccinate",,,,,,,,,,,,,,,,,,,,,,,,,,,,,,,,,,,,211.096,2.52161,sd,,,[M+H]+,1,positive,TWIMS,,N2,Waters Major Mix,,"four Waters TWIM-MS systems (2x Synapt G2-S/G2-Si, 2x Vion), interlaboratory average, republished from doi:10.1021/acs.analchem.9b05247","Feuerstein et al., J. Am. Soc. Mass Spectrom. 2022",10.1021/jasms.2c00196,"SI_3 sheet S2_Interplatform CCS Database, line 115",12,,academic_only,
small_molecule,prednisolone 21-hemisuccinate,"Feuerstein et al., J. Am. Soc. Mass Spectrom. 2022",academic_only,,,"steroid_jasms2022:1,4-pregnadiene-11β,17,21-triol-3,20-dione 21-hemisuccinate",,,,,,,,,,,,,,,,,,,,,,,,,,,,,,,,,,,,212.147,0.532666,sd,,,[M+H]+,1,positive,TIMS,,N2,Agilent ESI-L tune mix (G1969-85000),,"timsTOF Pro, TIMCCSN2 calibrated via a linear function","Feuerstein et al., J. Am. Soc. Mass Spectrom. 2022",10.1021/jasms.2c00196,"SI_3 sheet S2_Interplatform CCS Database, line 115",,,academic_only,
small_molecule,prednisolone 21-hemisuccinate,"Feuerstein et al., J. Am. Soc. Mass Spectrom. 2022",academic_only,,,"steroid_jasms2022:1,4-pregnadiene-11β,17,21-triol-3,20-dione 21-hemisuccinate",,,,,,,,,,,,,,,,,,,,,,,,,,,,,,,,,,,,212.07,0.04,sd,,,[M+H]+,1,positive,DTIMS,single_field,N2,Agilent ESI-L tune mix (G1969-85000),,"Agilent DTIM-MS, single-field calibration, 4-bit","Feuerstein et al., J. Am. Soc. Mass Spectrom. 2022",10.1021/jasms.2c00196,"SI_3 sheet S2_Interplatform CCS Database, line 115",3,,academic_only,
small_molecule,prednisolone 21-hemisuccinate,"Feuerstein et al., J. Am. Soc. Mass Spectrom. 2022",academic_only,,,"steroid_jasms2022:1,4-pregnadiene-11β,17,21-triol-3,20-dione 21-hemisuccinate",,,,,,,,,,,,,,,,,,,,,,,,,,,,,,,,,,,,211.825,2.16894,sd,,,[M+Na]+,1,positive,TWIMS,,N2,Waters Major Mix,,"four Waters TWIM-MS systems (2x Synapt G2-S/G2-Si, 2x Vion), interlaboratory average, republished from doi:10.1021/acs.analchem.9b05247","Feuerstein et al., J. Am. Soc. Mass Spectrom. 2022",10.1021/jasms.2c00196,"SI_3 sheet S2_Interplatform CCS Database, line 116",12,,academic_only,
small_molecule,prednisolone 21-hemisuccinate,"Feuerstein et al., J. Am. Soc. Mass Spectrom. 2022",academic_only,,,"steroid_jasms2022:1,4-pregnadiene-11β,17,21-triol-3,20-dione 21-hemisuccinate",,,,,,,,,,,,,,,,,,,,,,,,,,,,,,,,,,,,211.913,0.637992,sd,,,[M+Na]+,1,positive,TIMS,,N2,Agilent ESI-L tune mix (G1969-85000),,"timsTOF Pro, TIMCCSN2 calibrated via a linear function","Feuerstein et al., J. Am. Soc. Mass Spectrom. 2022",10.1021/jasms.2c00196,"SI_3 sheet S2_Interplatform CCS Database, line 116",,,academic_only,
small_molecule,prednisolone 21-hemisuccinate,"Feuerstein et al., J. Am. Soc. Mass Spectrom. 2022",academic_only,,,"steroid_jasms2022:1,4-pregnadiene-11β,17,21-triol-3,20-dione 21-hemisuccinate",,,,,,,,,,,,,,,,,,,,,,,,,,,,,,,,,,,,211.34,0.02,sd,,,[M+Na]+,1,positive,DTIMS,single_field,N2,Agilent ESI-L tune mix (G1969-85000),,"Agilent DTIM-MS, single-field calibration, 4-bit","Feuerstein et al., J. Am. Soc. Mass Spectrom. 2022",10.1021/jasms.2c00196,"SI_3 sheet S2_Interplatform CCS Database, line 116",3,,academic_only,
small_molecule,prednisolone 21-hemisuccinate,"Feuerstein et al., J. Am. Soc. Mass Spectrom. 2022",academic_only,,,"steroid_jasms2022:1,4-pregnadiene-11β,17,21-triol-3,20-dione 21-hemisuccinate",,,,,,,,,,,,,,,,,,,,,,,,,,,,,,,,,,,,210.6,0.1,sd,,,[M+Na]+,1,positive,DTIMS,stepped_field,N2,,,"Agilent DTIM-MS, stepped-field method","Feuerstein et al., J. Am. Soc. Mass Spectrom. 2022",10.1021/jasms.2c00196,"SI_3 sheet S2_Interplatform CCS Database, line 116",3,,academic_only,
small_molecule,boldenone glucuronide,"Feuerstein et al., J. Am. Soc. Mass Spectrom. 2022",academic_only,,,"steroid_jasms2022:1,4-androstadiene-17β-ol-3-one glucuronide",,,,,,,,,,,,,,,,,,,,,,,,,,,,,,,,,,,,215.922,1.55988,sd,,,[M+H]+,1,positive,TWIMS,,N2,Waters Major Mix,,"four Waters TWIM-MS systems (2x Synapt G2-S/G2-Si, 2x Vion), interlaboratory average, republished from doi:10.1021/acs.analchem.9b05247","Feuerstein et al., J. Am. Soc. Mass Spectrom. 2022",10.1021/jasms.2c00196,"SI_3 sheet S2_Interplatform CCS Database, line 117",12,,academic_only,
small_molecule,boldenone glucuronide,"Feuerstein et al., J. Am. Soc. Mass Spectrom. 2022",academic_only,,,"steroid_jasms2022:1,4-androstadiene-17β-ol-3-one glucuronide",,,,,,,,,,,,,,,,,,,,,,,,,,,,,,,,,,,,217.49,0.157162,sd,,,[M+H]+,1,positive,TIMS,,N2,Agilent ESI-L tune mix (G1969-85000),,"timsTOF Pro, TIMCCSN2 calibrated via a linear function","Feuerstein et al., J. Am. Soc. Mass Spectrom. 2022",10.1021/jasms.2c00196,"SI_3 sheet S2_Interplatform CCS Database, line 117",,,academic_only,
small_molecule,boldenone glucuronide,"Feuerstein et al., J. Am. Soc. Mass Spectrom. 2022",academic_only,,,"steroid_jasms2022:1,4-androstadiene-17β-ol-3-one glucuronide",,,,,,,,,,,,,,,,,,,,,,,,,,,,,,,,,,,,217.95,0.01,sd,,,[M+H]+,1,positive,DTIMS,single_field,N2,Agilent ESI-L tune mix (G1969-85000),,"Agilent DTIM-MS, single-field calibration, 4-bit","Feuerstein et al., J. Am. Soc. Mass Spectrom. 2022",10.1021/jasms.2c00196,"SI_3 sheet S2_Interplatform CCS Database, line 117",3,,academic_only,
small_molecule,boldenone glucuronide,"Feuerstein et al., J. Am. Soc. Mass Spectrom. 2022",academic_only,,,"steroid_jasms2022:1,4-androstadiene-17β-ol-3-one glucuronide",,,,,,,,,,,,,,,,,,,,,,,,,,,,,,,,,,,,216.333,0.665833,sd,,,[M+H]+,1,positive,DTIMS,stepped_field,N2,,,"Agilent DTIM-MS, stepped-field method","Feuerstein et al., J. Am. Soc. Mass Spectrom. 2022",10.1021/jasms.2c00196,"SI_3 sheet S2_Interplatform CCS Database, line 117",3,,academic_only,
small_molecule,boldenone glucuronide,"Feuerstein et al., J. Am. Soc. Mass Spectrom. 2022",academic_only,,,"steroid_jasms2022:1,4-androstadiene-17β-ol-3-one glucuronide",,,,,,,,,,,,,,,,,,,,,,,,,,,,,,,,,,,,229.708,2.66998,sd,,,[M+Na]+,1,positive,TWIMS,,N2,Waters Major Mix,,"four Waters TWIM-MS systems (2x Synapt G2-S/G2-Si, 2x Vion), interlaboratory average, republished from doi:10.1021/acs.analchem.9b05247","Feuerstein et al., J. Am. Soc. Mass Spectrom. 2022",10.1021/jasms.2c00196,"SI_3 sheet S2_Interplatform CCS Database, line 118",12,,academic_only,
small_molecule,boldenone glucuronide,"Feuerstein et al., J. Am. Soc. Mass Spectrom. 2022",academic_only,,,"steroid_jasms2022:1,4-androstadiene-17β-ol-3-one glucuronide",,,,,,,,,,,,,,,,,,,,,,,,,,,,,,,,,,,,229.657,0.519262,sd,,,[M+Na]+,1,positive,TIMS,,N2,Agilent ESI-L tune mix (G1969-85000),,"timsTOF Pro, TIMCCSN2 calibrated via a linear function","Feuerstein et al., J. Am. Soc. Mass Spectrom. 2022",10.1021/jasms.2c00196,"SI_3 sheet S2_Interplatform CCS Database, line 118",,,academic_only,
small_molecule,boldenone glucuronide,"Feuerstein et al., J. Am. Soc. Mass Spectrom. 2022",academic_only,,,"steroid_jasms2022:1,4-androstadiene-17β-ol-3-one glucuronide",,,,,,,,,,,,,,,,,,,,,,,,,,,,,,,,,,,,230.43,0.03,sd,,,[M+Na]+,1,positive,DTIMS,single_field,N2,Agilent ESI-L tune mix (G1969-85000),,"Agilent DTIM-MS, single-field calibration, 4-bit","Feuerstein et al., J. Am. Soc. Mass Spectrom. 2022",10.1021/jasms.2c00196,"SI_3 sheet S2_Interplatform CCS Database, line 118",3,,academic_only,
small_molecule,boldenone glucuronide,"Feuerstein et al., J. Am. Soc. Mass Spectrom. 2022",academic_only,,,"steroid_jasms2022:1,4-androstadiene-17β-ol-3-one glucuronide",,,,,,,,,,,,,,,,,,,,,,,,,,,,,,,,,,,,230.7,0.2,sd,,,[M+Na]+,1,positive,DTIMS,stepped_field,N2,,,"Agilent DTIM-MS, stepped-field method","Feuerstein et al., J. Am. Soc. Mass Spectrom. 2022",10.1021/jasms.2c00196,"SI_3 sheet S2_Interplatform CCS Database, line 118",3,,academic_only,
small_molecule,hydrocortisone hemisuccinate,"Feuerstein et al., J. Am. Soc. Mass Spectrom. 2022",academic_only,,,"steroid_jasms2022:4-pregnene-11β,17,21-triol-3,20-dione 21-hemisuccinate",,,,,,,,,,,,,,,,,,,,,,,,,,,,,,,,,,,,213.309,1.79828,sd,,,[M+H]+,1,positive,TWIMS,,N2,Waters Major Mix,,"four Waters TWIM-MS systems (2x Synapt G2-S/G2-Si, 2x Vion), interlaboratory average, republished from doi:10.1021/acs.analchem.9b05247","Feuerstein et al., J. Am. Soc. Mass Spectrom. 2022",10.1021/jasms.2c00196,"SI_3 sheet S2_Interplatform CCS Database, line 119",12,,academic_only,
small_molecule,hydrocortisone hemisuccinate,"Feuerstein et al., J. Am. Soc. Mass Spectrom. 2022",academic_only,,,"steroid_jasms2022:4-pregnene-11β,17,21-triol-3,20-dione 21-hemisuccinate",,,,,,,,,,,,,,,,,,,,,,,,,,,,,,,,,,,,214.57,0.177764,sd,,,[M+H]+,1,positive,TIMS,,N2,Agilent ESI-L tune mix (G1969-85000),,"timsTOF Pro, TIMCCSN2 calibrated via a linear function","Feuerstein et al., J. Am. Soc. Mass Spectrom. 2022",10.1021/jasms.2c00196,"SI_3 sheet S2_Interplatform CCS Database, line 119",,,academic_only,
small_molecule,hydrocortisone hemisuccinate,"Feuerstein et al., J. Am. Soc. Mass Spectrom. 2022",academic_only,,,"steroid_jasms2022:4-pregnene-11β,17,21-triol-3,20-dione 21-hemisuccinate",,,,,,,,,,,,,,,,,,,,,,,,,,,,,,,,,,,,214.34,0.04,sd,,,[M+H]+,1,positive,DTIMS,single_field,N2,Agilent ESI-L tune mix (G1969-85000),,"Agilent DTIM-MS, single-field calibration, 4-bit","Feuerstein et al., J. Am. Soc. Mass Spectrom. 2022",10.1021/jasms.2c00196,"SI_3 sheet S2_Interplatform CCS Database, line 119",3,,academic_only,
small_molecule,hydrocortisone hemisuccinate,"Feuerstein et al., J. Am. Soc. Mass Spectrom. 2022",academic_only,,,"steroid_jasms2022:4-pregnene-11β,17,21-triol-3,20-dione 21-hemisuccinate",,,,,,,,,,,,,,,,,,,,,,,,,,,,,,,,,,,,214.073,0.709248,sd,,,[M+H]+,1,positive,DTIMS,stepped_field,N2,,,"Agilent DTIM-MS, stepped-field method","Feuerstein et al., J. Am. Soc. Mass Spectrom. 2022",10.1021/jasms.2c00196,"SI_3 sheet S2_Interplatform CCS Database, line 119",3,,academic_only,
small_molecule,hydrocortisone hemisuccinate,"Feuerstein et al., J. Am. Soc. Mass Spectrom. 2022",academic_only,,,"steroid_jasms2022:4-pregnene-11β,17,21-triol-3,20-dione 21-hemisuccinate",,,,,,,,,,,,,,,,,,,,,,,,,,,,,,,,,,,,208.85,1.86801,sd,,,[M+Na]+,1,positive,TWIMS,,N2,Waters Major Mix,,"four Waters TWIM-MS systems (2x Synapt G2-S/G2-Si, 2x Vion), interlaboratory average, republished from doi:10.1021/acs.analchem.9b05247","Feuerstein et al., J. Am. Soc. Mass Spectrom. 2022",10.1021/jasms.2c00196,"SI_3 sheet S2_Interplatform CCS Database, line 120",12,,academic_only,
small_molecule,hydrocortisone hemisuccinate,"Feuerstein et al., J. Am. Soc. Mass Spectrom. 2022",academic_only,,,"steroid_jasms2022:4-pregnene-11β,17,21-triol-3,20-dione 21-hemisuccinate",,,,,,,,,,,,,,,,,,,,,,,,,,,,,,,,,,,,210.99,0.105357,sd,,,[M+Na]+,1,positive,TIMS,,N2,Agilent ESI-L tune mix (G1969-85000),,"timsTOF Pro, TIMCCSN2 calibrated via a linear function","Feuerstein et al., J. Am. Soc. Mass Spectrom. 2022",10.1021/jasms.2c00196,"SI_3 sheet S2_Interplatform CCS Database, line 120",,,academic_only,
small_molecule,hydrocortisone hemisuccinate,"Feuerstein et al., J. Am. Soc. Mass Spectrom. 2022",academic_only,,,"steroid_jasms2022:4-pregnene-11β,17,21-triol-3,20-dione 21-hemisuccinate",,,,,,,,,,,,,,,,,,,,,,,,,,,,,,,,,,,,211.37,0.04,sd,,,[M+Na]+,1,positive,DTIMS,single_field,N2,Agilent ESI-L tune mix (G1969-85000),,"Agilent DTIM-MS, single-field calibration, 4-bit","Feuerstein et al., J. Am. Soc. Mass Spectrom. 2022",10.1021/jasms.2c00196,"SI_3 sheet S2_Interplatform CCS Database, line 120",3,,academic_only,
small_molecule,hydrocortisone hemisuccinate,"Feuerstein et al., J. Am. Soc. Mass Spectrom. 2022",academic_only,,,"steroid_jasms2022:4-pregnene-11β,17,21-triol-3,20-dione 21-hemisuccinate",,,,,,,,,,,,,,,,,,,,,,,,,,,,,,,,,,,,210.447,0.116762,sd,,,[M+Na]+,1,positive,DTIMS,stepped_field,N2,,,"Agilent DTIM-MS, stepped-field method","Feuerstein et al., J. Am. Soc. Mass Spectrom. 2022",10.1021/jasms.2c00196,"SI_3 sheet S2_Interplatform CCS Database, line 120",3,,academic_only,
small_molecule,boldenone glucuronide,"Feuerstein et al., J. Am. Soc. Mass Spectrom. 2022",academic_only,,,"steroid_jasms2022:1,4-androstadiene-17β-ol-3-one glucuronide",,,,,,,,,,,,,,,,,,,,,,,,,,,,,,,,,,,,217.677,0.476157,sd,,,[M-H]-,-1,negative,TWIMS,,N2,Waters Major Mix,,"four Waters TWIM-MS systems (2x Synapt G2-S/G2-Si, 2x Vion), interlaboratory average, republished from doi:10.1021/acs.analchem.9b05247","Feuerstein et al., J. Am. Soc. Mass Spectrom. 2022",10.1021/jasms.2c00196,"SI_3 sheet S2_Interplatform CCS Database, line 121",12,,academic_only,
small_molecule,boldenone glucuronide,"Feuerstein et al., J. Am. Soc. Mass Spectrom. 2022",academic_only,,,"steroid_jasms2022:1,4-androstadiene-17β-ol-3-one glucuronide",,,,,,,,,,,,,,,,,,,,,,,,,,,,,,,,,,,,217.233,0.861181,sd,,,[M-H]-,-1,negative,TIMS,,N2,Agilent ESI-L tune mix (G1969-85000),,"timsTOF Pro, TIMCCSN2 calibrated via a linear function","Feuerstein et al., J. Am. Soc. Mass Spectrom. 2022",10.1021/jasms.2c00196,"SI_3 sheet S2_Interplatform CCS Database, line 121",,,academic_only,
small_molecule,boldenone glucuronide,"Feuerstein et al., J. Am. Soc. Mass Spectrom. 2022",academic_only,,,"steroid_jasms2022:1,4-androstadiene-17β-ol-3-one glucuronide",,,,,,,,,,,,,,,,,,,,,,,,,,,,,,,,,,,,218.22,0.08,sd,,,[M-H]-,-1,negative,DTIMS,single_field,N2,Agilent ESI-L tune mix (G1969-85000),,"Agilent DTIM-MS, single-field calibration, 4-bit","Feuerstein et al., J. Am. Soc. Mass Spectrom. 2022",10.1021/jasms.2c00196,"SI_3 sheet S2_Interplatform CCS Database, line 121",3,,academic_only,
small_molecule,boldenone glucuronide,"Feuerstein et al., J. Am. Soc. Mass Spectrom. 2022",academic_only,,,"steroid_jasms2022:1,4-androstadiene-17β-ol-3-one glucuronide",,,,,,,,,,,,,,,,,,,,,,,,,,,,,,,,,,,,218.4,,,,,[M-H]-,-1,negative,DTIMS,stepped_field,N2,,,"Agilent DTIM-MS, stepped-field method","Feuerstein et al., J. Am. Soc. Mass Spectrom. 2022",10.1021/jasms.2c00196,"SI_3 sheet S2_Interplatform CCS Database, line 121",1,,academic_only,
small_molecule,DHEA glucuronide,"Feuerstein et al., J. Am. Soc. Mass Spectrom. 2022",academic_only,,,steroid_jasms2022:5-androstene-3β-ol-17-one glucuronide,,,,,,,,,,,,,,,,,,,,,,,,,,,,,,,,,,,,231.818,1.68411,sd,,,[M+Na]+,1,positive,TWIMS,,N2,Waters Major Mix,,"four Waters TWIM-MS systems (2x Synapt G2-S/G2-Si, 2x Vion), interlaboratory average, republished from doi:10.1021/acs.analchem.9b05247","Feuerstein et al., J. Am. Soc. Mass Spectrom. 2022",10.1021/jasms.2c00196,"SI_3 sheet S2_Interplatform CCS Database, line 122",12,,academic_only,
small_molecule,DHEA glucuronide,"Feuerstein et al., J. Am. Soc. Mass Spectrom. 2022",academic_only,,,steroid_jasms2022:5-androstene-3β-ol-17-one glucuronide,,,,,,,,,,,,,,,,,,,,,,,,,,,,,,,,,,,,232.705,0.748645,sd,,,[M+Na]+,1,positive,TIMS,,N2,Agilent ESI-L tune mix (G1969-85000),,"timsTOF Pro, TIMCCSN2 calibrated via a linear function","Feuerstein et al., J. Am. Soc. Mass Spectrom. 2022",10.1021/jasms.2c00196,"SI_3 sheet S2_Interplatform CCS Database, line 122",,,academic_only,
small_molecule,DHEA glucuronide,"Feuerstein et al., J. Am. Soc. Mass Spectrom. 2022",academic_only,,,steroid_jasms2022:5-androstene-3β-ol-17-one glucuronide,,,,,,,,,,,,,,,,,,,,,,,,,,,,,,,,,,,,234.3,0.02,sd,,,[M+Na]+,1,positive,DTIMS,single_field,N2,Agilent ESI-L tune mix (G1969-85000),,"Agilent DTIM-MS, single-field calibration, 4-bit","Feuerstein et al., J. Am. Soc. Mass Spectrom. 2022",10.1021/jasms.2c00196,"SI_3 sheet S2_Interplatform CCS Database, line 122",3,,academic_only,
small_molecule,DHEA glucuronide,"Feuerstein et al., J. Am. Soc. Mass Spectrom. 2022",academic_only,,,steroid_jasms2022:5-androstene-3β-ol-17-one glucuronide,,,,,,,,,,,,,,,,,,,,,,,,,,,,,,,,,,,,234.863,0.0493288,sd,,,[M+Na]+,1,positive,DTIMS,stepped_field,N2,,,"Agilent DTIM-MS, stepped-field method","Feuerstein et al., J. Am. Soc. Mass Spectrom. 2022",10.1021/jasms.2c00196,"SI_3 sheet S2_Interplatform CCS Database, line 122",3,,academic_only,
small_molecule,DHEA glucuronide,"Feuerstein et al., J. Am. Soc. Mass Spectrom. 2022",academic_only,,,steroid_jasms2022:5-androstene-3β-ol-17-one glucuronide,,,,,,,,,,,,,,,,,,,,,,,,,,,,,,,,,,,,222.239,0.661812,sd,,,[M-H]-,-1,negative,TWIMS,,N2,Waters Major Mix,,"four Waters TWIM-MS systems (2x Synapt G2-S/G2-Si, 2x Vion), interlaboratory average, republished from doi:10.1021/acs.analchem.9b05247","Feuerstein et al., J. Am. Soc. Mass Spectrom. 2022",10.1021/jasms.2c00196,"SI_3 sheet S2_Interplatform CCS Database, line 123",12,,academic_only,
small_molecule,DHEA glucuronide,"Feuerstein et al., J. Am. Soc. Mass Spectrom. 2022",academic_only,,,steroid_jasms2022:5-androstene-3β-ol-17-one glucuronide,,,,,,,,,,,,,,,,,,,,,,,,,,,,,,,,,,,,221.867,0.057735,sd,,,[M-H]-,-1,negative,TIMS,,N2,Agilent ESI-L tune mix (G1969-85000),,"timsTOF Pro, TIMCCSN2 calibrated via a linear function","Feuerstein et al., J. Am. Soc. Mass Spectrom. 2022",10.1021/jasms.2c00196,"SI_3 sheet S2_Interplatform CCS Database, line 123",,,academic_only,
small_molecule,DHEA glucuronide,"Feuerstein et al., J. Am. Soc. Mass Spectrom. 2022",academic_only,,,steroid_jasms2022:5-androstene-3β-ol-17-one glucuronide,,,,,,,,,,,,,,,,,,,,,,,,,,,,,,,,,,,,221.83,0.03,sd,,,[M-H]-,-1,negative,DTIMS,single_field,N2,Agilent ESI-L tune mix (G1969-85000),,"Agilent DTIM-MS, single-field calibration, 4-bit","Feuerstein et al., J. Am. Soc. Mass Spectrom. 2022",10.1021/jasms.2c00196,"SI_3 sheet S2_Interplatform CCS Database, line 123",3,,academic_only,
small_molecule,DHEA glucuronide,"Feuerstein et al., J. Am. Soc. Mass Spectrom. 2022",academic_only,,,steroid_jasms2022:5-androstene-3β-ol-17-one glucuronide,,,,,,,,,,,,,,,,,,,,,,,,,,,,,,,,,,,,223.15,,,,,[M-H]-,-1,negative,DTIMS,stepped_field,N2,,,"Agilent DTIM-MS, stepped-field method","Feuerstein et al., J. Am. Soc. Mass Spectrom. 2022",10.1021/jasms.2c00196,"SI_3 sheet S2_Interplatform CCS Database, line 123",1,,academic_only,
small_molecule,epitestosterone glucuronide,"Feuerstein et al., J. Am. Soc. Mass Spectrom. 2022",academic_only,,,steroid_jasms2022:4-androstene-17α-ol-3-one glucuronide,,,,,,,,,,,,,,,,,,,,,,,,,,,,,,,,,,,,203.763,2.283,sd,,,[M+H]+,1,positive,TWIMS,,N2,Waters Major Mix,,"four Waters TWIM-MS systems (2x Synapt G2-S/G2-Si, 2x Vion), interlaboratory average, republished from doi:10.1021/acs.analchem.9b05247","Feuerstein et al., J. Am. Soc. Mass Spectrom. 2022",10.1021/jasms.2c00196,"SI_3 sheet S2_Interplatform CCS Database, line 124",12,,academic_only,
small_molecule,epitestosterone glucuronide,"Feuerstein et al., J. Am. Soc. Mass Spectrom. 2022",academic_only,,,steroid_jasms2022:4-androstene-17α-ol-3-one glucuronide,,,,,,,,,,,,,,,,,,,,,,,,,,,,,,,,,,,,204.743,0.0907377,sd,,,[M+H]+,1,positive,TIMS,,N2,Agilent ESI-L tune mix (G1969-85000),,"timsTOF Pro, TIMCCSN2 calibrated via a linear function","Feuerstein et al., J. Am. Soc. Mass Spectrom. 2022",10.1021/jasms.2c00196,"SI_3 sheet S2_Interplatform CCS Database, line 124",,,academic_only,
small_molecule,epitestosterone glucuronide,"Feuerstein et al., J. Am. Soc. Mass Spectrom. 2022",academic_only,,,steroid_jasms2022:4-androstene-17α-ol-3-one glucuronide,,,,,,,,,,,,,,,,,,,,,,,,,,,,,,,,,,,,204.64,0.06,sd,,,[M+H]+,1,positive,DTIMS,single_field,N2,Agilent ESI-L tune mix (G1969-85000),,"Agilent DTIM-MS, single-field calibration, 4-bit","Feuerstein et al., J. Am. Soc. Mass Spectrom. 2022",10.1021/jasms.2c00196,"SI_3 sheet S2_Interplatform CCS Database, line 124",3,,academic_only,
small_molecule,epitestosterone glucuronide,"Feuerstein et al., J. Am. Soc. Mass Spectrom. 2022",academic_only,,,steroid_jasms2022:4-androstene-17α-ol-3-one glucuronide,,,,,,,,,,,,,,,,,,,,,,,,,,,,,,,,,,,,208.497,2.33117,sd,,,[M+Na]+,1,positive,TWIMS,,N2,Waters Major Mix,,"four Waters TWIM-MS systems (2x Synapt G2-S/G2-Si, 2x Vion), interlaboratory average, republished from doi:10.1021/acs.analchem.9b05247","Feuerstein et al., J. Am. Soc. Mass Spectrom. 2022",10.1021/jasms.2c00196,"SI_3 sheet S2_Interplatform CCS Database, line 125",12,,academic_only,
small_molecule,epitestosterone glucuronide,"Feuerstein et al., J. Am. Soc. Mass Spectrom. 2022",academic_only,,,steroid_jasms2022:4-androstene-17α-ol-3-one glucuronide,,,,,,,,,,,,,,,,,,,,,,,,,,,,,,,,,,,,210.577,0.393743,sd,,,[M+Na]+,1,positive,TIMS,,N2,Agilent ESI-L tune mix (G1969-85000),,"timsTOF Pro, TIMCCSN2 calibrated via a linear function","Feuerstein et al., J. Am. Soc. Mass Spectrom. 2022",10.1021/jasms.2c00196,"SI_3 sheet S2_Interplatform CCS Database, line 125",,,academic_only,
small_molecule,epitestosterone glucuronide,"Feuerstein et al., J. Am. Soc. Mass Spectrom. 2022",academic_only,,,steroid_jasms2022:4-androstene-17α-ol-3-one glucuronide,,,,,,,,,,,,,,,,,,,,,,,,,,,,,,,,,,,,210.17,0.05,sd,,,[M+Na]+,1,positive,DTIMS,single_field,N2,Agilent ESI-L tune mix (G1969-85000),,"Agilent DTIM-MS, single-field calibration, 4-bit","Feuerstein et al., J. Am. Soc. Mass Spectrom. 2022",10.1021/jasms.2c00196,"SI_3 sheet S2_Interplatform CCS Database, line 125",3,,academic_only,
small_molecule,epitestosterone glucuronide,"Feuerstein et al., J. Am. Soc. Mass Spectrom. 2022",academic_only,,,steroid_jasms2022:4-androstene-17α-ol-3-one glucuronide,,,,,,,,,,,,,,,,,,,,,,,,,,,,,,,,,,,,209.56,0.445084,sd,,,[M+Na]+,1,positive,DTIMS,stepped_field,N2,,,"Agilent DTIM-MS, stepped-field method","Feuerstein et al., J. Am. Soc. Mass Spectrom. 2022",10.1021/jasms.2c00196,"SI_3 sheet S2_Interplatform CCS Database, line 125",3,,academic_only,
small_molecule,epitestosterone glucuronide,"Feuerstein et al., J. Am. Soc. Mass Spectrom. 2022",academic_only,,,steroid_jasms2022:4-androstene-17α-ol-3-one glucuronide,,,,,,,,,,,,,,,,,,,,,,,,,,,,,,,,,,,,219.284,1.31118,sd,,,[M-H]-,-1,negative,TWIMS,,N2,Waters Major Mix,,"four Waters TWIM-MS systems (2x Synapt G2-S/G2-Si, 2x Vion), interlaboratory average, republished from doi:10.1021/acs.analchem.9b05247","Feuerstein et al., J. Am. Soc. Mass Spectrom. 2022",10.1021/jasms.2c00196,"SI_3 sheet S2_Interplatform CCS Database, line 126",12,,academic_only,
small_molecule,epitestosterone glucuronide,"Feuerstein et al., J. Am. Soc. Mass Spectrom. 2022",academic_only,,,steroid_jasms2022:4-androstene-17α-ol-3-one glucuronide,,,,,,,,,,,,,,,,,,,,,,,,,,,,,,,,,,,,219.188,0.317128,sd,,,[M-H]-,-1,negative,TIMS,,N2,Agilent ESI-L tune mix (G1969-85000),,"timsTOF Pro, TIMCCSN2 calibrated via a linear function","Feuerstein et al., J. Am. Soc. Mass Spectrom. 2022",10.1021/jasms.2c00196,"SI_3 sheet S2_Interplatform CCS Database, line 126",,,academic_only,
small_molecule,epitestosterone glucuronide,"Feuerstein et al., J. Am. Soc. Mass Spectrom. 2022",academic_only,,,steroid_jasms2022:4-androstene-17α-ol-3-one glucuronide,,,,,,,,,,,,,,,,,,,,,,,,,,,,,,,,,,,,218.99,0.04,sd,,,[M-H]-,-1,negative,DTIMS,single_field,N2,Agilent ESI-L tune mix (G1969-85000),,"Agilent DTIM-MS, single-field calibration, 4-bit","Feuerstein et al., J. Am. Soc. Mass Spectrom. 2022",10.1021/jasms.2c00196,"SI_3 sheet S2_Interplatform CCS Database, line 126",3,,academic_only,
small_molecule,epitestosterone glucuronide,"Feuerstein et al., J. Am. Soc. Mass Spectrom. 2022",academic_only,,,steroid_jasms2022:4-androstene-17α-ol-3-one glucuronide,,,,,,,,,,,,,,,,,,,,,,,,,,,,,,,,,,,,220.09,,,,,[M-H]-,-1,negative,DTIMS,stepped_field,N2,,,"Agilent DTIM-MS, stepped-field method","Feuerstein et al., J. Am. Soc. Mass Spectrom. 2022",10.1021/jasms.2c00196,"SI_3 sheet S2_Interplatform CCS Database, line 126",1,,academic_only,
small_molecule,testosterone glucuronide,"Feuerstein et al., J. Am. Soc. Mass Spectrom. 2022",academic_only,,,steroid_jasms2022:4-androstene-17β-ol-3-one 17-glucuronide,,,,,,,,,,,,,,,,,,,,,,,,,,,,,,,,,,,,218.555,1.41404,sd,,,[M+H]+,1,positive,TWIMS,,N2,Waters Major Mix,,"four Waters TWIM-MS systems (2x Synapt G2-S/G2-Si, 2x Vion), interlaboratory average, republished from doi:10.1021/acs.analchem.9b05247","Feuerstein et al., J. Am. Soc. Mass Spectrom. 2022",10.1021/jasms.2c00196,"SI_3 sheet S2_Interplatform CCS Database, line 127",12,,academic_only,
small_molecule,testosterone glucuronide,"Feuerstein et al., J. Am. Soc. Mass Spectrom. 2022",academic_only,,,steroid_jasms2022:4-androstene-17β-ol-3-one 17-glucuronide,,,,,,,,,,,,,,,,,,,,,,,,,,,,,,,,,,,,220.338,0.213674,sd,,,[M+H]+,1,positive,TIMS,,N2,Agilent ESI-L tune mix (G1969-85000),,"timsTOF Pro, TIMCCSN2 calibrated via a linear function","Feuerstein et al., J. Am. Soc. Mass Spectrom. 2022",10.1021/jasms.2c00196,"SI_3 sheet S2_Interplatform CCS Database, line 127",,,academic_only,
small_molecule,testosterone glucuronide,"Feuerstein et al., J. Am. Soc. Mass Spectrom. 2022",academic_only,,,steroid_jasms2022:4-androstene-17β-ol-3-one 17-glucuronide,,,,,,,,,,,,,,,,,,,,,,,,,,,,,,,,,,,,221.25,0.03,sd,,,[M+H]+,1,positive,DTIMS,single_field,N2,Agilent ESI-L tune mix (G1969-85000),,"Agilent DTIM-MS, single-field calibration, 4-bit","Feuerstein et al., J. Am. Soc. Mass Spectrom. 2022",10.1021/jasms.2c00196,"SI_3 sheet S2_Interplatform CCS Database, line 127",3,,academic_only,
small_molecule,testosterone glucuronide,"Feuerstein et al., J. Am. Soc. Mass Spectrom. 2022",academic_only,,,steroid_jasms2022:4-androstene-17β-ol-3-one 17-glucuronide,,,,,,,,,,,,,,,,,,,,,,,,,,,,,,,,,,,,221.139,0.756438,sd,,,[M+H]+,1,positive,DTIMS,stepped_field,N2,,,"Agilent DTIM-MS, stepped-field method","Feuerstein et al., J. Am. Soc. Mass Spectrom. 2022",10.1021/jasms.2c00196,"SI_3 sheet S2_Interplatform CCS Database, line 127",3,,academic_only,
small_molecule,testosterone glucuronide,"Feuerstein et al., J. Am. Soc. Mass Spectrom. 2022",academic_only,,,steroid_jasms2022:4-androstene-17β-ol-3-one 17-glucuronide,,,,,,,,,,,,,,,,,,,,,,,,,,,,,,,,,,,,229.676,3.39763,sd,,,[M+Na]+,1,positive,TWIMS,,N2,Waters Major Mix,,"four Waters TWIM-MS systems (2x Synapt G2-S/G2-Si, 2x Vion), interlaboratory average, republished from doi:10.1021/acs.analchem.9b05247","Feuerstein et al., J. Am. Soc. Mass Spectrom. 2022",10.1021/jasms.2c00196,"SI_3 sheet S2_Interplatform CCS Database, line 128",12,,academic_only,
small_molecule,testosterone glucuronide,"Feuerstein et al., J. Am. Soc. Mass Spectrom. 2022",academic_only,,,steroid_jasms2022:4-androstene-17β-ol-3-one 17-glucuronide,,,,,,,,,,,,,,,,,,,,,,,,,,,,,,,,,,,,230.592,0.722993,sd,,,[M+Na]+,1,positive,TIMS,,N2,Agilent ESI-L tune mix (G1969-85000),,"timsTOF Pro, TIMCCSN2 calibrated via a linear function","Feuerstein et al., J. Am. Soc. Mass Spectrom. 2022",10.1021/jasms.2c00196,"SI_3 sheet S2_Interplatform CCS Database, line 128",,,academic_only,
small_molecule,testosterone glucuronide,"Feuerstein et al., J. Am. Soc. Mass Spectrom. 2022",academic_only,,,steroid_jasms2022:4-androstene-17β-ol-3-one 17-glucuronide,,,,,,,,,,,,,,,,,,,,,,,,,,,,,,,,,,,,229.91,0.03,sd,,,[M+Na]+,1,positive,DTIMS,single_field,N2,Agilent ESI-L tune mix (G1969-85000),,"Agilent DTIM-MS, single-field calibration, 4-bit","Feuerstein et al., J. Am. Soc. Mass Spectrom. 2022",10.1021/jasms.2c00196,"SI_3 sheet S2_Interplatform CCS Database, line 128",3,,academic_only,
small_molecule,testosterone glucuronide,"Feuerstein et al., J. Am. Soc. Mass Spectrom. 2022",academic_only,,,steroid_jasms2022:4-androstene-17β-ol-3-one 17-glucuronide,,,,,,,,,,,,,,,,,,,,,,,,,,,,,,,,,,,,230.427,0.414287,sd,,,[M+Na]+,1,positive,DTIMS,stepped_field,N2,,,"Agilent DTIM-MS, stepped-field method","Feuerstein et al., J. Am. Soc. Mass Spectrom. 2022",10.1021/jasms.2c00196,"SI_3 sheet S2_Interplatform CCS Database, line 128",3,,academic_only,
small_molecule,testosterone glucuronide,"Feuerstein et al., J. Am. Soc. Mass Spectrom. 2022",academic_only,,,steroid_jasms2022:4-androstene-17β-ol-3-one 17-glucuronide,,,,,,,,,,,,,,,,,,,,,,,,,,,,,,,,,,,,219.064,0.856516,sd,,,[M-H]-,-1,negative,TWIMS,,N2,Waters Major Mix,,"four Waters TWIM-MS systems (2x Synapt G2-S/G2-Si, 2x Vion), interlaboratory average, republished from doi:10.1021/acs.analchem.9b05247","Feuerstein et al., J. Am. Soc. Mass Spectrom. 2022",10.1021/jasms.2c00196,"SI_3 sheet S2_Interplatform CCS Database, line 129",12,,academic_only,
small_molecule,testosterone glucuronide,"Feuerstein et al., J. Am. Soc. Mass Spectrom. 2022",academic_only,,,steroid_jasms2022:4-androstene-17β-ol-3-one 17-glucuronide,,,,,,,,,,,,,,,,,,,,,,,,,,,,,,,,,,,,218.93,0.320421,sd,,,[M-H]-,-1,negative,TIMS,,N2,Agilent ESI-L tune mix (G1969-85000),,"timsTOF Pro, TIMCCSN2 calibrated via a linear function","Feuerstein et al., J. Am. Soc. Mass Spectrom. 2022",10.1021/jasms.2c00196,"SI_3 sheet S2_Interplatform CCS Database, line 129",,,academic_only,
small_molecule,testosterone glucuronide,"Feuerstein et al., J. Am. Soc. Mass Spectrom. 2022",academic_only,,,steroid_jasms2022:4-androstene-17β-ol-3-one 17-glucuronide,,,,,,,,,,,,,,,,,,,,,,,,,,,,,,,,,,,,219.47,0.07,sd,,,[M-H]-,-1,negative,DTIMS,single_field,N2,Agilent ESI-L tune mix (G1969-85000),,"Agilent DTIM-MS, single-field calibration, 4-bit","Feuerstein et al., J. Am. Soc. Mass Spectrom. 2022",10.1021/jasms.2c00196,"SI_3 sheet S2_Interplatform CCS Database, line 129",3,,academic_only,
small_molecule,testosterone glucuronide,"Feuerstein et al., J. Am. Soc. Mass Spectrom. 2022",academic_only,,,steroid_jasms2022:4-androstene-17β-ol-3-one 17-glucuronide,,,,,,,,,,,,,,,,,,,,,,,,,,,,,,,,,,,,220.52,,,,,[M-H]-,-1,negative,DTIMS,stepped_field,N2,,,"Agilent DTIM-MS, stepped-field method","Feuerstein et al., J. Am. Soc. Mass Spectrom. 2022",10.1021/jasms.2c00196,"SI_3 sheet S2_Interplatform CCS Database, line 129",1,,academic_only,
small_molecule,testosterone 4-methylvalerate,"Feuerstein et al., J. Am. Soc. Mass Spectrom. 2022",academic_only,,,steroid_jasms2022:4-androstene-17β-ol-3-one isocaproate,,,,,,,,,,,,,,,,,,,,,,,,,,,,,,,,,,,,208.855,1.06098,sd,,,[M+H]+,1,positive,TWIMS,,N2,Waters Major Mix,,"four Waters TWIM-MS systems (2x Synapt G2-S/G2-Si, 2x Vion), interlaboratory average, republished from doi:10.1021/acs.analchem.9b05247","Feuerstein et al., J. Am. Soc. Mass Spectrom. 2022",10.1021/jasms.2c00196,"SI_3 sheet S2_Interplatform CCS Database, line 130",12,,academic_only,
small_molecule,testosterone 4-methylvalerate,"Feuerstein et al., J. Am. Soc. Mass Spectrom. 2022",academic_only,,,steroid_jasms2022:4-androstene-17β-ol-3-one isocaproate,,,,,,,,,,,,,,,,,,,,,,,,,,,,,,,,,,,,209.343,0.0950438,sd,,,[M+H]+,1,positive,TIMS,,N2,Agilent ESI-L tune mix (G1969-85000),,"timsTOF Pro, TIMCCSN2 calibrated via a linear function","Feuerstein et al., J. Am. Soc. Mass Spectrom. 2022",10.1021/jasms.2c00196,"SI_3 sheet S2_Interplatform CCS Database, line 130",,,academic_only,
small_molecule,testosterone 4-methylvalerate,"Feuerstein et al., J. Am. Soc. Mass Spectrom. 2022",academic_only,,,steroid_jasms2022:4-androstene-17β-ol-3-one isocaproate,,,,,,,,,,,,,,,,,,,,,,,,,,,,,,,,,,,,210.94,0.05,sd,,,[M+H]+,1,positive,DTIMS,single_field,N2,Agilent ESI-L tune mix (G1969-85000),,"Agilent DTIM-MS, single-field calibration, 4-bit","Feuerstein et al., J. Am. Soc. Mass Spectrom. 2022",10.1021/jasms.2c00196,"SI_3 sheet S2_Interplatform CCS Database, line 130",3,,academic_only,
small_molecule,etiocholanolone glucuronide,"Feuerstein et al., J. Am. Soc. Mass Spectrom. 2022",academic_only,,,steroid_jasms2022:5β-androstane-3α-ol-17-one glucuronide,,,,,,,,,,,,,,,,,,,,,,,,,,,,,,,,,,,,205.967,2.65291,sd,,,[M+Na]+,1,positive,TWIMS,,N2,Waters Major Mix,,"four Waters TWIM-MS systems (2x Synapt G2-S/G2-Si, 2x Vion), interlaboratory average, republished from doi:10.1021/acs.analchem.9b05247","Feuerstein et al., J. Am. Soc. Mass Spectrom. 2022",10.1021/jasms.2c00196,"SI_3 sheet S2_Interplatform CCS Database, line 131",12,,academic_only,
small_molecule,etiocholanolone glucuronide,"Feuerstein et al., J. Am. Soc. Mass Spectrom. 2022",academic_only,,,steroid_jasms2022:5β-androstane-3α-ol-17-one glucuronide,,,,,,,,,,,,,,,,,,,,,,,,,,,,,,,,,,,,208.533,0.374477,sd,,,[M+Na]+,1,positive,TIMS,,N2,Agilent ESI-L tune mix (G1969-85000),,"timsTOF Pro, TIMCCSN2 calibrated via a linear function","Feuerstein et al., J. Am. Soc. Mass Spectrom. 2022",10.1021/jasms.2c00196,"SI_3 sheet S2_Interplatform CCS Database, line 131",,,academic_only,
small_molecule,etiocholanolone glucuronide,"Feuerstein et al., J. Am. Soc. Mass Spectrom. 2022",academic_only,,,steroid_jasms2022:5β-androstane-3α-ol-17-one glucuronide,,,,,,,,,,,,,,,,,,,,,,,,,,,,,,,,,,,,208.35,0.05,sd,,,[M+Na]+,1,positive,DTIMS,single_field,N2,Agilent ESI-L tune mix (G1969-85000),,"Agilent DTIM-MS, single-field calibration, 4-bit","Feuerstein et al., J. Am. Soc. Mass Spectrom. 2022",10.1021/jasms.2c00196,"SI_3 sheet S2_Interplatform CCS Database, line 131",3,,academic_only,
small_molecule,etiocholanolone glucuronide,"Feuerstein et al., J. Am. Soc. Mass Spectrom. 2022",academic_only,,,steroid_jasms2022:5β-androstane-3α-ol-17-one glucuronide,,,,,,,,,,,,,,,,,,,,,,,,,,,,,,,,,,,,207.783,0.361156,sd,,,[M+Na]+,1,positive,DTIMS,stepped_field,N2,,,"Agilent DTIM-MS, stepped-field method","Feuerstein et al., J. Am. Soc. Mass Spectrom. 2022",10.1021/jasms.2c00196,"SI_3 sheet S2_Interplatform CCS Database, line 131",3,,academic_only,
small_molecule,etiocholanolone glucuronide,"Feuerstein et al., J. Am. Soc. Mass Spectrom. 2022",academic_only,,,steroid_jasms2022:5β-androstane-3α-ol-17-one glucuronide,,,,,,,,,,,,,,,,,,,,,,,,,,,,,,,,,,,,207.797,1.06502,sd,,,[M-H]-,-1,negative,TWIMS,,N2,Waters Major Mix,,"four Waters TWIM-MS systems (2x Synapt G2-S/G2-Si, 2x Vion), interlaboratory average, republished from doi:10.1021/acs.analchem.9b05247","Feuerstein et al., J. Am. Soc. Mass Spectrom. 2022",10.1021/jasms.2c00196,"SI_3 sheet S2_Interplatform CCS Database, line 132",12,,academic_only,
small_molecule,etiocholanolone glucuronide,"Feuerstein et al., J. Am. Soc. Mass Spectrom. 2022",academic_only,,,steroid_jasms2022:5β-androstane-3α-ol-17-one glucuronide,,,,,,,,,,,,,,,,,,,,,,,,,,,,,,,,,,,,207.394,0.273642,sd,,,[M-H]-,-1,negative,TIMS,,N2,Agilent ESI-L tune mix (G1969-85000),,"timsTOF Pro, TIMCCSN2 calibrated via a linear function","Feuerstein et al., J. Am. Soc. Mass Spectrom. 2022",10.1021/jasms.2c00196,"SI_3 sheet S2_Interplatform CCS Database, line 132",,,academic_only,
small_molecule,etiocholanolone glucuronide,"Feuerstein et al., J. Am. Soc. Mass Spectrom. 2022",academic_only,,,steroid_jasms2022:5β-androstane-3α-ol-17-one glucuronide,,,,,,,,,,,,,,,,,,,,,,,,,,,,,,,,,,,,206.87,0.03,sd,,,[M-H]-,-1,negative,DTIMS,single_field,N2,Agilent ESI-L tune mix (G1969-85000),,"Agilent DTIM-MS, single-field calibration, 4-bit","Feuerstein et al., J. Am. Soc. Mass Spectrom. 2022",10.1021/jasms.2c00196,"SI_3 sheet S2_Interplatform CCS Database, line 132",3,,academic_only,
small_molecule,etiocholanolone glucuronide,"Feuerstein et al., J. Am. Soc. Mass Spectrom. 2022",academic_only,,,steroid_jasms2022:5β-androstane-3α-ol-17-one glucuronide,,,,,,,,,,,,,,,,,,,,,,,,,,,,,,,,,,,,207.93,,,,,[M-H]-,-1,negative,DTIMS,stepped_field,N2,,,"Agilent DTIM-MS, stepped-field method","Feuerstein et al., J. Am. Soc. Mass Spectrom. 2022",10.1021/jasms.2c00196,"SI_3 sheet S2_Interplatform CCS Database, line 132",1,,academic_only,
small_molecule,epiandrosterone glucuronide,"Feuerstein et al., J. Am. Soc. Mass Spectrom. 2022",academic_only,,,steroid_jasms2022:5α-androstane-3β-ol-17-one glucuronide,,,,,,,,,,,,,,,,,,,,,,,,,,,,,,,,,,,,231.86,1.67689,sd,,,[M+Na]+,1,positive,TWIMS,,N2,Waters Major Mix,,"four Waters TWIM-MS systems (2x Synapt G2-S/G2-Si, 2x Vion), interlaboratory average, republished from doi:10.1021/acs.analchem.9b05247","Feuerstein et al., J. Am. Soc. Mass Spectrom. 2022",10.1021/jasms.2c00196,"SI_3 sheet S2_Interplatform CCS Database, line 133",12,,academic_only,
small_molecule,epiandrosterone glucuronide,"Feuerstein et al., J. Am. Soc. Mass Spectrom. 2022",academic_only,,,steroid_jasms2022:5α-androstane-3β-ol-17-one glucuronide,,,,,,,,,,,,,,,,,,,,,,,,,,,,,,,,,,,,233.668,0.343244,sd,,,[M+Na]+,1,positive,TIMS,,N2,Agilent ESI-L tune mix (G1969-85000),,"timsTOF Pro, TIMCCSN2 calibrated via a linear function","Feuerstein et al., J. Am. Soc. Mass Spectrom. 2022",10.1021/jasms.2c00196,"SI_3 sheet S2_Interplatform CCS Database, line 133",,,academic_only,
small_molecule,epiandrosterone glucuronide,"Feuerstein et al., J. Am. Soc. Mass Spectrom. 2022",academic_only,,,steroid_jasms2022:5α-androstane-3β-ol-17-one glucuronide,,,,,,,,,,,,,,,,,,,,,,,,,,,,,,,,,,,,235.023,0.210792,sd,,,[M+Na]+,1,positive,DTIMS,stepped_field,N2,,,"Agilent DTIM-MS, stepped-field method","Feuerstein et al., J. Am. Soc. Mass Spectrom. 2022",10.1021/jasms.2c00196,"SI_3 sheet S2_Interplatform CCS Database, line 133",3,,academic_only,
small_molecule,epiandrosterone glucuronide,"Feuerstein et al., J. Am. Soc. Mass Spectrom. 2022",academic_only,,,steroid_jasms2022:5α-androstane-3β-ol-17-one glucuronide,,,,,,,,,,,,,,,,,,,,,,,,,,,,,,,,,,,,222.531,0.751113,sd,,,[M-H]-,-1,negative,TWIMS,,N2,Waters Major Mix,,"four Waters TWIM-MS systems (2x Synapt G2-S/G2-Si, 2x Vion), interlaboratory average, republished from doi:10.1021/acs.analchem.9b05247","Feuerstein et al., J. Am. Soc. Mass Spectrom. 2022",10.1021/jasms.2c00196,"SI_3 sheet S2_Interplatform CCS Database, line 134",12,,academic_only,
small_molecule,epiandrosterone glucuronide,"Feuerstein et al., J. Am. Soc. Mass Spectrom. 2022",academic_only,,,steroid_jasms2022:5α-androstane-3β-ol-17-one glucuronide,,,,,,,,,,,,,,,,,,,,,,,,,,,,,,,,,,,,221.723,0.695869,sd,,,[M-H]-,-1,negative,TIMS,,N2,Agilent ESI-L tune mix (G1969-85000),,"timsTOF Pro, TIMCCSN2 calibrated via a linear function","Feuerstein et al., J. Am. Soc. Mass Spectrom. 2022",10.1021/jasms.2c00196,"SI_3 sheet S2_Interplatform CCS Database, line 134",,,academic_only,
small_molecule,epiandrosterone glucuronide,"Feuerstein et al., J. Am. Soc. Mass Spectrom. 2022",academic_only,,,steroid_jasms2022:5α-androstane-3β-ol-17-one glucuronide,,,,,,,,,,,,,,,,,,,,,,,,,,,,,,,,,,,,221.85,0.01,sd,,,[M-H]-,-1,negative,DTIMS,single_field,N2,Agilent ESI-L tune mix (G1969-85000),,"Agilent DTIM-MS, single-field calibration, 4-bit","Feuerstein et al., J. Am. Soc. Mass Spectrom. 2022",10.1021/jasms.2c00196,"SI_3 sheet S2_Interplatform CCS Database, line 134",3,,academic_only,
small_molecule,epiandrosterone glucuronide,"Feuerstein et al., J. Am. Soc. Mass Spectrom. 2022",academic_only,,,steroid_jasms2022:5α-androstane-3β-ol-17-one glucuronide,,,,,,,,,,,,,,,,,,,,,,,,,,,,,,,,,,,,222.6,,,,,[M-H]-,-1,negative,DTIMS,stepped_field,N2,,,"Agilent DTIM-MS, stepped-field method","Feuerstein et al., J. Am. Soc. Mass Spectrom. 2022",10.1021/jasms.2c00196,"SI_3 sheet S2_Interplatform CCS Database, line 134",1,,academic_only,
small_molecule,testosterone benzoate,"Feuerstein et al., J. Am. Soc. Mass Spectrom. 2022",academic_only,,,steroid_jasms2022:4-androstene-17β-ol-3-one benzoate,,,,,,,,,,,,,,,,,,,,,,,,,,,,,,,,,,,,204.733,1.24757,sd,,,[M+H]+,1,positive,TWIMS,,N2,Waters Major Mix,,"four Waters TWIM-MS systems (2x Synapt G2-S/G2-Si, 2x Vion), interlaboratory average, republished from doi:10.1021/acs.analchem.9b05247","Feuerstein et al., J. Am. Soc. Mass Spectrom. 2022",10.1021/jasms.2c00196,"SI_3 sheet S2_Interplatform CCS Database, line 135",12,,academic_only,
small_molecule,testosterone benzoate,"Feuerstein et al., J. Am. Soc. Mass Spectrom. 2022",academic_only,,,steroid_jasms2022:4-androstene-17β-ol-3-one benzoate,,,,,,,,,,,,,,,,,,,,,,,,,,,,,,,,,,,,205.7,0.160059,sd,,,[M+H]+,1,positive,TIMS,,N2,Agilent ESI-L tune mix (G1969-85000),,"timsTOF Pro, TIMCCSN2 calibrated via a linear function","Feuerstein et al., J. Am. Soc. Mass Spectrom. 2022",10.1021/jasms.2c00196,"SI_3 sheet S2_Interplatform CCS Database, line 135",,,academic_only,
small_molecule,testosterone benzoate,"Feuerstein et al., J. Am. Soc. Mass Spectrom. 2022",academic_only,,,steroid_jasms2022:4-androstene-17β-ol-3-one benzoate,,,,,,,,,,,,,,,,,,,,,,,,,,,,,,,,,,,,207.77,0.04,sd,,,[M+H]+,1,positive,DTIMS,single_field,N2,Agilent ESI-L tune mix (G1969-85000),,"Agilent DTIM-MS, single-field calibration, 4-bit","Feuerstein et al., J. Am. Soc. Mass Spectrom. 2022",10.1021/jasms.2c00196,"SI_3 sheet S2_Interplatform CCS Database, line 135",3,,academic_only,
small_molecule,testosterone enanthate,"Feuerstein et al., J. Am. Soc. Mass Spectrom. 2022",academic_only,,,steroid_jasms2022:4-androstene-17β-ol-3-one enanthate,,,,,,,,,,,,,,,,,,,,,,,,,,,,,,,,,,,,215.464,1.28216,sd,,,[M+H]+,1,positive,TWIMS,,N2,Waters Major Mix,,"four Waters TWIM-MS systems (2x Synapt G2-S/G2-Si, 2x Vion), interlaboratory average, republished from doi:10.1021/acs.analchem.9b05247","Feuerstein et al., J. Am. Soc. Mass Spectrom. 2022",10.1021/jasms.2c00196,"SI_3 sheet S2_Interplatform CCS Database, line 136",12,,academic_only,
small_molecule,testosterone enanthate,"Feuerstein et al., J. Am. Soc. Mass Spectrom. 2022",academic_only,,,steroid_jasms2022:4-androstene-17β-ol-3-one enanthate,,,,,,,,,,,,,,,,,,,,,,,,,,,,,,,,,,,,215.58,0.0488712,sd,,,[M+H]+,1,positive,TIMS,,N2,Agilent ESI-L tune mix (G1969-85000),,"timsTOF Pro, TIMCCSN2 calibrated via a linear function","Feuerstein et al., J. Am. Soc. Mass Spectrom. 2022",10.1021/jasms.2c00196,"SI_3 sheet S2_Interplatform CCS Database, line 136",,,academic_only,
small_molecule,testosterone enanthate,"Feuerstein et al., J. Am. Soc. Mass Spectrom. 2022",academic_only,,,steroid_jasms2022:4-androstene-17β-ol-3-one enanthate,,,,,,,,,,,,,,,,,,,,,,,,,,,,,,,,,,,,217.23,0.02,sd,,,[M+H]+,1,positive,DTIMS,single_field,N2,Agilent ESI-L tune mix (G1969-85000),,"Agilent DTIM-MS, single-field calibration, 4-bit","Feuerstein et al., J. Am. Soc. Mass Spectrom. 2022",10.1021/jasms.2c00196,"SI_3 sheet S2_Interplatform CCS Database, line 136",3,,academic_only,
small_molecule,diflucortolone pivalate,"Feuerstein et al., J. Am. Soc. Mass Spectrom. 2022",academic_only,,,"steroid_jasms2022:1,4-pregnadiene-16α-methyl-6α,9-difluoro-11β,21-diol-3,20-dione 21-pivalate",,,,,,,,,,,,,,,,,,,,,,,,,,,,,,,,,,,,245.732,1.42116,sd,,,[M+Na]+,1,positive,TWIMS,,N2,Waters Major Mix,,"four Waters TWIM-MS systems (2x Synapt G2-S/G2-Si, 2x Vion), interlaboratory average, republished from doi:10.1021/acs.analchem.9b05247","Feuerstein et al., J. Am. Soc. Mass Spectrom. 2022",10.1021/jasms.2c00196,"SI_3 sheet S2_Interplatform CCS Database, line 137",12,,academic_only,
small_molecule,diflucortolone pivalate,"Feuerstein et al., J. Am. Soc. Mass Spectrom. 2022",academic_only,,,"steroid_jasms2022:1,4-pregnadiene-16α-methyl-6α,9-difluoro-11β,21-diol-3,20-dione 21-pivalate",,,,,,,,,,,,,,,,,,,,,,,,,,,,,,,,,,,,244.247,0.555818,sd,,,[M+Na]+,1,positive,TIMS,,N2,Agilent ESI-L tune mix (G1969-85000),,"timsTOF Pro, TIMCCSN2 calibrated via a linear function","Feuerstein et al., J. Am. Soc. Mass Spectrom. 2022",10.1021/jasms.2c00196,"SI_3 sheet S2_Interplatform CCS Database, line 137",,,academic_only,
small_molecule,diflucortolone pivalate,"Feuerstein et al., J. Am. Soc. Mass Spectrom. 2022",academic_only,,,"steroid_jasms2022:1,4-pregnadiene-16α-methyl-6α,9-difluoro-11β,21-diol-3,20-dione 21-pivalate",,,,,,,,,,,,,,,,,,,,,,,,,,,,,,,,,,,,243.64,0.04,sd,,,[M+Na]+,1,positive,DTIMS,single_field,N2,Agilent ESI-L tune mix (G1969-85000),,"Agilent DTIM-MS, single-field calibration, 4-bit","Feuerstein et al., J. Am. Soc. Mass Spectrom. 2022",10.1021/jasms.2c00196,"SI_3 sheet S2_Interplatform CCS Database, line 137",3,,academic_only,
small_molecule,diflucortolone pivalate,"Feuerstein et al., J. Am. Soc. Mass Spectrom. 2022",academic_only,,,"steroid_jasms2022:1,4-pregnadiene-16α-methyl-6α,9-difluoro-11β,21-diol-3,20-dione 21-pivalate",,,,,,,,,,,,,,,,,,,,,,,,,,,,,,,,,,,,244.033,0.305505,sd,,,[M+Na]+,1,positive,DTIMS,stepped_field,N2,,,"Agilent DTIM-MS, stepped-field method","Feuerstein et al., J. Am. Soc. Mass Spectrom. 2022",10.1021/jasms.2c00196,"SI_3 sheet S2_Interplatform CCS Database, line 137",3,,academic_only,
small_molecule,testosterone cypionate,"Feuerstein et al., J. Am. Soc. Mass Spectrom. 2022",academic_only,,,steroid_jasms2022:4-androstene-17β-ol-3-one cypionate,,,,,,,,,,,,,,,,,,,,,,,,,,,,,,,,,,,,218.096,1.37893,sd,,,[M+H]+,1,positive,TWIMS,,N2,Waters Major Mix,,"four Waters TWIM-MS systems (2x Synapt G2-S/G2-Si, 2x Vion), interlaboratory average, republished from doi:10.1021/acs.analchem.9b05247","Feuerstein et al., J. Am. Soc. Mass Spectrom. 2022",10.1021/jasms.2c00196,"SI_3 sheet S2_Interplatform CCS Database, line 138",12,,academic_only,
small_molecule,testosterone cypionate,"Feuerstein et al., J. Am. Soc. Mass Spectrom. 2022",academic_only,,,steroid_jasms2022:4-androstene-17β-ol-3-one cypionate,,,,,,,,,,,,,,,,,,,,,,,,,,,,,,,,,,,,218.383,0.0504395,sd,,,[M+H]+,1,positive,TIMS,,N2,Agilent ESI-L tune mix (G1969-85000),,"timsTOF Pro, TIMCCSN2 calibrated via a linear function","Feuerstein et al., J. Am. Soc. Mass Spectrom. 2022",10.1021/jasms.2c00196,"SI_3 sheet S2_Interplatform CCS Database, line 138",,,academic_only,
small_molecule,testosterone cypionate,"Feuerstein et al., J. Am. Soc. Mass Spectrom. 2022",academic_only,,,steroid_jasms2022:4-androstene-17β-ol-3-one cypionate,,,,,,,,,,,,,,,,,,,,,,,,,,,,,,,,,,,,220.3,0.04,sd,,,[M+H]+,1,positive,DTIMS,single_field,N2,Agilent ESI-L tune mix (G1969-85000),,"Agilent DTIM-MS, single-field calibration, 4-bit","Feuerstein et al., J. Am. Soc. Mass Spectrom. 2022",10.1021/jasms.2c00196,"SI_3 sheet S2_Interplatform CCS Database, line 138",3,,academic_only,
small_molecule,17-caproxyprogesterone,"Feuerstein et al., J. Am. Soc. Mass Spectrom. 2022",academic_only,,,"steroid_jasms2022:4-pregnene-17-ol-3,20-dione caproate",,,,,,,,,,,,,,,,,,,,,,,,,,,,,,,,,,,,214.145,1.40314,sd,,,[M+H]+,1,positive,TWIMS,,N2,Waters Major Mix,,"four Waters TWIM-MS systems (2x Synapt G2-S/G2-Si, 2x Vion), interlaboratory average, republished from doi:10.1021/acs.analchem.9b05247","Feuerstein et al., J. Am. Soc. Mass Spectrom. 2022",10.1021/jasms.2c00196,"SI_3 sheet S2_Interplatform CCS Database, line 139",12,,academic_only,
small_molecule,17-caproxyprogesterone,"Feuerstein et al., J. Am. Soc. Mass Spectrom. 2022",academic_only,,,"steroid_jasms2022:4-pregnene-17-ol-3,20-dione caproate",,,,,,,,,,,,,,,,,,,,,,,,,,,,,,,,,,,,214.2,0.0793725,sd,,,[M+H]+,1,positive,TIMS,,N2,Agilent ESI-L tune mix (G1969-85000),,"timsTOF Pro, TIMCCSN2 calibrated via a linear function","Feuerstein et al., J. Am. Soc. Mass Spectrom. 2022",10.1021/jasms.2c00196,"SI_3 sheet S2_Interplatform CCS Database, line 139",,,academic_only,
small_molecule,17-caproxyprogesterone,"Feuerstein et al., J. Am. Soc. Mass Spectrom. 2022",academic_only,,,"steroid_jasms2022:4-pregnene-17-ol-3,20-dione caproate",,,,,,,,,,,,,,,,,,,,,,,,,,,,,,,,,,,,215.3,0.02,sd,,,[M+H]+,1,positive,DTIMS,single_field,N2,Agilent ESI-L tune mix (G1969-85000),,"Agilent DTIM-MS, single-field calibration, 4-bit","Feuerstein et al., J. Am. Soc. Mass Spectrom. 2022",10.1021/jasms.2c00196,"SI_3 sheet S2_Interplatform CCS Database, line 139",3,,academic_only,
small_molecule,17-caproxyprogesterone,"Feuerstein et al., J. Am. Soc. Mass Spectrom. 2022",academic_only,,,"steroid_jasms2022:4-pregnene-17-ol-3,20-dione caproate",,,,,,,,,,,,,,,,,,,,,,,,,,,,,,,,,,,,227.104,1.95969,sd,,,[M+Na]+,1,positive,TWIMS,,N2,Waters Major Mix,,"four Waters TWIM-MS systems (2x Synapt G2-S/G2-Si, 2x Vion), interlaboratory average, republished from doi:10.1021/acs.analchem.9b05247","Feuerstein et al., J. Am. Soc. Mass Spectrom. 2022",10.1021/jasms.2c00196,"SI_3 sheet S2_Interplatform CCS Database, line 140",12,,academic_only,
small_molecule,17-caproxyprogesterone,"Feuerstein et al., J. Am. Soc. Mass Spectrom. 2022",academic_only,,,"steroid_jasms2022:4-pregnene-17-ol-3,20-dione caproate",,,,,,,,,,,,,,,,,,,,,,,,,,,,,,,,,,,,224.823,0.180093,sd,,,[M+Na]+,1,positive,TIMS,,N2,Agilent ESI-L tune mix (G1969-85000),,"timsTOF Pro, TIMCCSN2 calibrated via a linear function","Feuerstein et al., J. Am. Soc. Mass Spectrom. 2022",10.1021/jasms.2c00196,"SI_3 sheet S2_Interplatform CCS Database, line 140",,,academic_only,
small_molecule,17-caproxyprogesterone,"Feuerstein et al., J. Am. Soc. Mass Spectrom. 2022",academic_only,,,"steroid_jasms2022:4-pregnene-17-ol-3,20-dione caproate",,,,,,,,,,,,,,,,,,,,,,,,,,,,,,,,,,,,225.09,0.02,sd,,,[M+Na]+,1,positive,DTIMS,single_field,N2,Agilent ESI-L tune mix (G1969-85000),,"Agilent DTIM-MS, single-field calibration, 4-bit","Feuerstein et al., J. Am. Soc. Mass Spectrom. 2022",10.1021/jasms.2c00196,"SI_3 sheet S2_Interplatform CCS Database, line 140",3,,academic_only,
small_molecule,17-caproxyprogesterone,"Feuerstein et al., J. Am. Soc. Mass Spectrom. 2022",academic_only,,,"steroid_jasms2022:4-pregnene-17-ol-3,20-dione caproate",,,,,,,,,,,,,,,,,,,,,,,,,,,,,,,,,,,,225.133,0.057735,sd,,,[M+Na]+,1,positive,DTIMS,stepped_field,N2,,,"Agilent DTIM-MS, stepped-field method","Feuerstein et al., J. Am. Soc. Mass Spectrom. 2022",10.1021/jasms.2c00196,"SI_3 sheet S2_Interplatform CCS Database, line 140",3,,academic_only,
small_molecule,estradiol diglucuronide,"Feuerstein et al., J. Am. Soc. Mass Spectrom. 2022",academic_only,,,"steroid_jasms2022:1,3,5(10)-estratiene-3,17β-diol diglucuronide",,,,,,,,,,,,,,,,,,,,,,,,,,,,,,,,,,,,262.892,1.34523,sd,,,[M+Na]+,1,positive,TWIMS,,N2,Waters Major Mix,,"four Waters TWIM-MS systems (2x Synapt G2-S/G2-Si, 2x Vion), interlaboratory average, republished from doi:10.1021/acs.analchem.9b05247","Feuerstein et al., J. Am. Soc. Mass Spectrom. 2022",10.1021/jasms.2c00196,"SI_3 sheet S2_Interplatform CCS Database, line 141",12,,academic_only,
small_molecule,estradiol diglucuronide,"Feuerstein et al., J. Am. Soc. Mass Spectrom. 2022",academic_only,,,"steroid_jasms2022:1,3,5(10)-estratiene-3,17β-diol diglucuronide",,,,,,,,,,,,,,,,,,,,,,,,,,,,,,,,,,,,260.276,0.614028,sd,,,[M+Na]+,1,positive,TIMS,,N2,Agilent ESI-L tune mix (G1969-85000),,"timsTOF Pro, TIMCCSN2 calibrated via a linear function","Feuerstein et al., J. Am. Soc. Mass Spectrom. 2022",10.1021/jasms.2c00196,"SI_3 sheet S2_Interplatform CCS Database, line 141",,,academic_only,
small_molecule,estradiol diglucuronide,"Feuerstein et al., J. Am. Soc. Mass Spectrom. 2022",academic_only,,,"steroid_jasms2022:1,3,5(10)-estratiene-3,17β-diol diglucuronide",,,,,,,,,,,,,,,,,,,,,,,,,,,,,,,,,,,,261.9,0.264575,sd,,,[M+Na]+,1,positive,DTIMS,stepped_field,N2,,,"Agilent DTIM-MS, stepped-field method","Feuerstein et al., J. Am. Soc. Mass Spectrom. 2022",10.1021/jasms.2c00196,"SI_3 sheet S2_Interplatform CCS Database, line 141",3,,academic_only,
small_molecule,estradiol diglucuronide,"Feuerstein et al., J. Am. Soc. Mass Spectrom. 2022",academic_only,,,"steroid_jasms2022:1,3,5(10)-estratiene-3,17β-diol diglucuronide",,,,,,,,,,,,,,,,,,,,,,,,,,,,,,,,,,,,254.27,1.12418,sd,,,[M-H]-,-1,negative,TWIMS,,N2,Waters Major Mix,,"four Waters TWIM-MS systems (2x Synapt G2-S/G2-Si, 2x Vion), interlaboratory average, republished from doi:10.1021/acs.analchem.9b05247","Feuerstein et al., J. Am. Soc. Mass Spectrom. 2022",10.1021/jasms.2c00196,"SI_3 sheet S2_Interplatform CCS Database, line 142",12,,academic_only,
small_molecule,estradiol diglucuronide,"Feuerstein et al., J. Am. Soc. Mass Spectrom. 2022",academic_only,,,"steroid_jasms2022:1,3,5(10)-estratiene-3,17β-diol diglucuronide",,,,,,,,,,,,,,,,,,,,,,,,,,,,,,,,,,,,253.767,0.152753,sd,,,[M-H]-,-1,negative,TIMS,,N2,Agilent ESI-L tune mix (G1969-85000),,"timsTOF Pro, TIMCCSN2 calibrated via a linear function","Feuerstein et al., J. Am. Soc. Mass Spectrom. 2022",10.1021/jasms.2c00196,"SI_3 sheet S2_Interplatform CCS Database, line 142",,,academic_only,
small_molecule,estradiol diglucuronide,"Feuerstein et al., J. Am. Soc. Mass Spectrom. 2022",academic_only,,,"steroid_jasms2022:1,3,5(10)-estratiene-3,17β-diol diglucuronide",,,,,,,,,,,,,,,,,,,,,,,,,,,,,,,,,,,,238.17,0.06,sd,,,[M-H]-,-1,negative,DTIMS,single_field,N2,Agilent ESI-L tune mix (G1969-85000),,"Agilent DTIM-MS, single-field calibration, 4-bit","Feuerstein et al., J. Am. Soc. Mass Spectrom. 2022",10.1021/jasms.2c00196,"SI_3 sheet S2_Interplatform CCS Database, line 142",3,,academic_only,
small_molecule,estradiol diglucuronide,"Feuerstein et al., J. Am. Soc. Mass Spectrom. 2022",academic_only,,,"steroid_jasms2022:1,3,5(10)-estratiene-3,17β-diol diglucuronide",,,,,,,,,,,,,,,,,,,,,,,,,,,,,,,,,,,,237,,,,,[M-H]-,-1,negative,DTIMS,stepped_field,N2,,,"Agilent DTIM-MS, stepped-field method","Feuerstein et al., J. Am. Soc. Mass Spectrom. 2022",10.1021/jasms.2c00196,"SI_3 sheet S2_Interplatform CCS Database, line 142",1,,academic_only,
small_molecule,boldenone undecylenate*,"Feuerstein et al., J. Am. Soc. Mass Spectrom. 2022",academic_only,,,"steroid_jasms2022:1,4-androstadiene-17β-ol-3-one undecylenate*",,,,,,,,,,,,,,,,,,,,,,,,,,,,,,,,,,,,223.553,0.954351,sd,,,[M+H]+,1,positive,TWIMS,,N2,Waters Major Mix,,"four Waters TWIM-MS systems (2x Synapt G2-S/G2-Si, 2x Vion), interlaboratory average, republished from doi:10.1021/acs.analchem.9b05247","Feuerstein et al., J. Am. Soc. Mass Spectrom. 2022",10.1021/jasms.2c00196,"SI_3 sheet S2_Interplatform CCS Database, line 143",12,,academic_only,
small_molecule,boldenone undecylenate*,"Feuerstein et al., J. Am. Soc. Mass Spectrom. 2022",academic_only,,,"steroid_jasms2022:1,4-androstadiene-17β-ol-3-one undecylenate*",,,,,,,,,,,,,,,,,,,,,,,,,,,,,,,,,,,,222.887,0.0862168,sd,,,[M+H]+,1,positive,TIMS,,N2,Agilent ESI-L tune mix (G1969-85000),,"timsTOF Pro, TIMCCSN2 calibrated via a linear function","Feuerstein et al., J. Am. Soc. Mass Spectrom. 2022",10.1021/jasms.2c00196,"SI_3 sheet S2_Interplatform CCS Database, line 143",,,academic_only,
small_molecule,boldenone undecylenate*,"Feuerstein et al., J. Am. Soc. Mass Spectrom. 2022",academic_only,,,"steroid_jasms2022:1,4-androstadiene-17β-ol-3-one undecylenate*",,,,,,,,,,,,,,,,,,,,,,,,,,,,,,,,,,,,222.39,0.02,sd,,,[M+H]+,1,positive,DTIMS,single_field,N2,Agilent ESI-L tune mix (G1969-85000),,"Agilent DTIM-MS, single-field calibration, 4-bit","Feuerstein et al., J. Am. Soc. Mass Spectrom. 2022",10.1021/jasms.2c00196,"SI_3 sheet S2_Interplatform CCS Database, line 143",3,,academic_only,
small_molecule,boldenone undecylenate*,"Feuerstein et al., J. Am. Soc. Mass Spectrom. 2022",academic_only,,,"steroid_jasms2022:1,4-androstadiene-17β-ol-3-one undecylenate*",,,,,,,,,,,,,,,,,,,,,,,,,,,,,,,,,,,,255.361,2.35789,sd,,,[M+Na]+,1,positive,TWIMS,,N2,Waters Major Mix,,"four Waters TWIM-MS systems (2x Synapt G2-S/G2-Si, 2x Vion), interlaboratory average, republished from doi:10.1021/acs.analchem.9b05247","Feuerstein et al., J. Am. Soc. Mass Spectrom. 2022",10.1021/jasms.2c00196,"SI_3 sheet S2_Interplatform CCS Database, line 144",12,,academic_only,
small_molecule,boldenone undecylenate*,"Feuerstein et al., J. Am. Soc. Mass Spectrom. 2022",academic_only,,,"steroid_jasms2022:1,4-androstadiene-17β-ol-3-one undecylenate*",,,,,,,,,,,,,,,,,,,,,,,,,,,,,,,,,,,,260.06,0.238118,sd,,,[M+Na]+,1,positive,TIMS,,N2,Agilent ESI-L tune mix (G1969-85000),,"timsTOF Pro, TIMCCSN2 calibrated via a linear function","Feuerstein et al., J. Am. Soc. Mass Spectrom. 2022",10.1021/jasms.2c00196,"SI_3 sheet S2_Interplatform CCS Database, line 144",,,academic_only,
small_molecule,boldenone undecylenate*,"Feuerstein et al., J. Am. Soc. Mass Spectrom. 2022",academic_only,,,"steroid_jasms2022:1,4-androstadiene-17β-ol-3-one undecylenate*",,,,,,,,,,,,,,,,,,,,,,,,,,,,,,,,,,,,249.61,0.03,sd,,,[M+Na]+,1,positive,DTIMS,single_field,N2,Agilent ESI-L tune mix (G1969-85000),,"Agilent DTIM-MS, single-field calibration, 4-bit","Feuerstein et al., J. Am. Soc. Mass Spectrom. 2022",10.1021/jasms.2c00196,"SI_3 sheet S2_Interplatform CCS Database, line 144",3,,academic_only,
small_molecule,boldenone undecylenate*,"Feuerstein et al., J. Am. Soc. Mass Spectrom. 2022",academic_only,,,"steroid_jasms2022:1,4-androstadiene-17β-ol-3-one undecylenate*",,,,,,,,,,,,,,,,,,,,,,,,,,,,,,,,,,,,249.66,0.340441,sd,,,[M+Na]+,1,positive,DTIMS,stepped_field,N2,,,"Agilent DTIM-MS, stepped-field method","Feuerstein et al., J. Am. Soc. Mass Spectrom. 2022",10.1021/jasms.2c00196,"SI_3 sheet S2_Interplatform CCS Database, line 144",3,,academic_only,
